review-details_overallRating__VDxCx,timestamp_reviewDate__wvu2v,review-details_detailsLink__NxIv5,review-details_detailsLink__NxIv5 href,review-details_employee__5iA6v,review-details_employeeDetails__BvAwX,review-details_location__E_Ine,review-details_isCollapsed__Bsg_9,review-details_isCollapsed__Bsg_9 2,expand-button_ExpandButton__FlBlZ
5.0,30 Aug 2024,Excellent,https://www.glassdoor.co.in/Reviews/Employee-Review-Adani-Ports-and-Special-Economic-Zone-Limited-APSEZ-RVW90589163.htm,General manager,Current employee,"Mundra, Gujarat",Great company to work with,Nothing in particular as such,Show more
1.0,3 Oct 2024,Worse Experience,https://www.glassdoor.co.in/Reviews/Employee-Review-Adani-Ports-and-Special-Economic-Zone-Limited-APSEZ-RVW91612405.htm,Product engineer,"Former contractor, more than 1 year","Mundra, Gujarat",High level of autonomy and independence in your work.Valuable opportunities open up after gaining experience with Adani.,"Fast-paced and demanding work environment.Lack of personal attention or support.Poor quality of food in the canteen.Security staff treat employees harshly.Overtime is often required without.
choice.Unfair 'first come, first served' policy in place.",Show more
1.0,31 Aug 2024,It's not good,https://www.glassdoor.co.in/Reviews/Employee-Review-Adani-Ports-and-Special-Economic-Zone-Limited-APSEZ-RVW90593857.htm,Graduate engineering trainee get,"Current employee, less than 1 year","Mundra, Gujarat",There is no pros in adani until you reach a certain position,"Bad living conditions 
No work-life balance
First they told 8 hrs shift now they are making us do 12 hrs shift. 
They don't tell you your job role until you get on site
Water and electricity supply cut off as soon as there is a little heavy rainfall.",Show more
4.0,27 Aug 2024,Great company to work for,https://www.glassdoor.co.in/Reviews/Employee-Review-Adani-Ports-and-Special-Economic-Zone-Limited-APSEZ-RVW90476900.htm,Assistant manager,"Current employee, more than 1 year",Ahmedabad,"It feels proud to be part of such a big group, people are very co-operative and overall nice culture","Promotions are slow ,Saturday working and no WFH",Show more
4.0,7 Sept 2024,Overall,https://www.glassdoor.co.in/Reviews/Employee-Review-Adani-Ports-and-Special-Economic-Zone-Limited-APSEZ-RVW90798857.htm,Dy manager,"Current employee, more than 5 years",Surat,Appreciates the efforts put in right direction.,Pay scales slightly lower compared to market,Show more
3.0,2 Sept 2024,Decent company but less switching options,https://www.glassdoor.co.in/Reviews/Employee-Review-Adani-Ports-and-Special-Economic-Zone-Limited-APSEZ-RVW90634847.htm,Senior engineer,"Former employee, more than 1 year","Mundra, Gujarat","1. Accommodation
2. Healthcare Benefits","1. Work-life balance
2. Office Politics
3. Growth Prospects",Show more
2.0,16 Jul 2024,Too much politics with least focus on employee retention,https://www.glassdoor.co.in/Reviews/Employee-Review-Adani-Ports-and-Special-Economic-Zone-Limited-APSEZ-RVW89186570.htm,Senior manager,"Current employee, more than 8 years",Ahmedabad,"Decent paymaster
Living in Ahmedabad is reasonable considering cost of living is on lower side","Adani is almost like monopoly in bulk port handling when you consider a corporate. So options are very limited to exit and join another corporate
HR is non-existential and no efforts to retain talent
Too much politics at top level leaders where the fight to get credit is spoiling the company culture",Show more
4.0,17 Aug 2024,Great culture,https://www.glassdoor.co.in/Reviews/Employee-Review-Adani-Ports-and-Special-Economic-Zone-Limited-APSEZ-RVW90177453.htm,Agm strategy,"Current employee, more than 5 years",Chennai,Learning curve is growing continuously at adani,No cons as of now. Lot of travel is sometimes a pain,Show more
4.0,4 Aug 2024,Good,https://www.glassdoor.co.in/Reviews/Employee-Review-Adani-Ports-and-Special-Economic-Zone-Limited-APSEZ-RVW89784801.htm,Manager,Former employee,,,,
3.0,14 Jul 2024,"Very difficult place to work, highly indulge in politics. Only show bazi no productivity",https://www.glassdoor.co.in/Reviews/Employee-Review-Adani-Ports-and-Special-Economic-Zone-Limited-APSEZ-RVW89138924.htm,Associate manager,"Current employee, more than 8 years",Ahmedabad,"Good worklife balance.
Very good canteen facility.","Work place with high politics.
People here motivated for show bizz.
Retrenchment of site employees.",Show more
3.0,15 Jul 2024,Exposure,https://www.glassdoor.co.in/Reviews/Employee-Review-Adani-Ports-and-Special-Economic-Zone-Limited-APSEZ-RVW89149083.htm,Mt- marketing,"Current employee, less than 1 year",,,,
4.0,16 Jul 2024,great org to start career with,https://www.glassdoor.co.in/Reviews/Employee-Review-Adani-Ports-and-Special-Economic-Zone-Limited-APSEZ-RVW89188917.htm,Dgm - corporate services,"Current employee, more than 1 year",Ahmedabad,,,
5.0,15 Jul 2024,Good,https://www.glassdoor.co.in/Reviews/Employee-Review-Adani-Ports-and-Special-Economic-Zone-Limited-APSEZ-RVW89147109.htm,Site ehs manager,"Current employee, more than 8 years",Chennai,"Very good working environment
Very good working culture 
Staffs are very friendly","No cons...
Saturday is working day",Show more
3.0,14 Jul 2024,adani ports,https://www.glassdoor.co.in/Reviews/Employee-Review-Adani-Ports-and-Special-Economic-Zone-Limited-APSEZ-RVW89125737.htm,Senior officer,Former employee,,,,
3.0,1 Jul 2024,As a Fresher,https://www.glassdoor.co.in/Reviews/Employee-Review-Adani-Ports-and-Special-Economic-Zone-Limited-APSEZ-RVW88761163.htm,Graduate apprentice trainee (gat),"Current contractor, less than 1 year",Sri Potti Sriramulu Nellore,,,
2.0,17 Jun 2024,Big brand name of Adani comes with a lot of riders,https://www.glassdoor.co.in/Reviews/Employee-Review-Adani-Ports-and-Special-Economic-Zone-Limited-APSEZ-RVW88311583.htm,Senior manager,Former employee,Ahmedabad,,,
4.0,7 Jun 2024,Intern M&A || Corporate house,https://www.glassdoor.co.in/Reviews/Employee-Review-Adani-Ports-and-Special-Economic-Zone-Limited-APSEZ-RVW88058121.htm,Intern m&a,"Former intern, less than 1 year",Ahmedabad,,,
5.0,2 Jun 2024,Perfect,https://www.glassdoor.co.in/Reviews/Employee-Review-Adani-Ports-and-Special-Economic-Zone-Limited-APSEZ-RVW87862651.htm,Senior officer security,"Current employee, more than 1 year",Bhadrakh,"All. 
Everything that we receive comes under pros.",Na except remote location. Otherwise everything is perfect.,Show more
4.0,3 Jun 2024,Good company,https://www.glassdoor.co.in/Reviews/Employee-Review-Adani-Ports-and-Special-Economic-Zone-Limited-APSEZ-RVW87876870.htm,Internship,"Former intern, less than 1 year","Mundra, Gujarat",Best company to learn in port sector,Work pressure is too high,Show more
4.0,31 May 2024,Great place to work,https://www.glassdoor.co.in/Reviews/Employee-Review-Adani-Ports-and-Special-Economic-Zone-Limited-APSEZ-RVW87820344.htm,Senior structural engineer,"Current employee, more than 1 year","Mundra, Gujarat",,,
4.0,26 May 2024,Great place to gain exposure,https://www.glassdoor.co.in/Reviews/Employee-Review-Adani-Ports-and-Special-Economic-Zone-Limited-APSEZ-RVW87655439.htm,Deputy manager,"Former employee, more than 5 years",Ahmedabad,,,
5.0,19 May 2024,Good Work Culture,https://www.glassdoor.co.in/Reviews/Employee-Review-Adani-Ports-and-Special-Economic-Zone-Limited-APSEZ-RVW87426278.htm,Manager-hr,"Current employee, more than 3 years",Ahmedabad,,,
3.0,3 May 2024,Best,https://www.glassdoor.co.in/Reviews/Employee-Review-Adani-Ports-and-Special-Economic-Zone-Limited-APSEZ-RVW86928166.htm,Marketing,"Current employee, more than 1 year",Gāndhīdhām,"Best working environment 
Good colleagues support 
Goal oriented","Less scope for personal growth 
100% dependency on Manager for work and appraisal",Show more
4.0,18 Apr 2024,Internship at Adani Ports and SEZ,https://www.glassdoor.co.in/Reviews/Employee-Review-Adani-Ports-and-Special-Economic-Zone-Limited-APSEZ-RVW86441132.htm,Data analyst,Former intern,,"1. Good work culture
2. Helpful mentors","1. Tiring process
2. Didn't give much insights on the tasks",Show more
4.0,10 Apr 2024,Working,https://www.glassdoor.co.in/Reviews/Employee-Review-Adani-Ports-and-Special-Economic-Zone-Limited-APSEZ-RVW86204991.htm,Deputy manager,"Current employee, more than 1 year",Navi Mumbai,,,
1.0,10 Apr 2024,Not recommended,https://www.glassdoor.co.in/Reviews/Employee-Review-Adani-Ports-and-Special-Economic-Zone-Limited-APSEZ-RVW86200364.htm,Hr generalist,"Current employee, more than 1 year",Ahmedabad,No pros as none exist,"Everything
Focussed only on increasing business without any focus on employee benefits
Worst working culture",Show more
3.0,22 Feb 2024,Good Company,https://www.glassdoor.co.in/Reviews/Employee-Review-Adani-Ports-and-Special-Economic-Zone-Limited-APSEZ-RVW84660242.htm,Assistant manager,"Current employee, more than 1 year",Ahmedabad,"Big group
Worked up culture
Diverse kind of work","Everything is urgent at once
Saturday working",Show more
3.0,12 Feb 2024,Good experience,https://www.glassdoor.co.in/Reviews/Employee-Review-Adani-Ports-and-Special-Economic-Zone-Limited-APSEZ-RVW84293409.htm,Operation and planning intern,"Current intern, less than 1 year","Mundra, Gujarat",Get good exposure of the industry,Location problem and also food facilities to be imporved,Show more
5.0,2 Feb 2024,Good Learning Exp,https://www.glassdoor.co.in/Reviews/Employee-Review-Adani-Ports-and-Special-Economic-Zone-Limited-APSEZ-RVW83995608.htm,Hr manager,Former employee,Ahmedabad,"1. Multiple Role exposure
2. Good Learning Opportunity",1. Management can look for 5 day work week,Show more
4.0,12 Jan 2024,Good working culture in this organisation.,https://www.glassdoor.co.in/Reviews/Employee-Review-Adani-Ports-and-Special-Economic-Zone-Limited-APSEZ-RVW83294206.htm,Project manager,Current employee,,"1. Good working culture
2. Good facilities provided for employees and families
3. Employees recognised every year","1. Odd location
2. Not treat everyone as staff.",Show more
4.0,1 Feb 2024,Good Company,https://www.glassdoor.co.in/Reviews/Employee-Review-Adani-Ports-and-Special-Economic-Zone-Limited-APSEZ-RVW83946813.htm,Associate manager,"Current employee, more than 1 year",Ahmedabad,,,
4.0,8 Jan 2024,Good learning opportunity,https://www.glassdoor.co.in/Reviews/Employee-Review-Adani-Ports-and-Special-Economic-Zone-Limited-APSEZ-RVW83141939.htm,Assistant manager,"Former employee, more than 5 years",Hazira,"Agile management
Learn a lot","Travel time 45 mins
12 hrs shift",Show more
3.0,5 Jan 2024,Adani Ports,https://www.glassdoor.co.in/Reviews/Employee-Review-Adani-Ports-and-Special-Economic-Zone-Limited-APSEZ-RVW83082793.htm,Associate manager,"Current employee, less than 1 year",Ahmedabad,Good learning at the head office,"Saturday working
Unsupportive HR
Complex policies
Limited holidays & leaves",Show more
4.0,3 Jan 2024,Good place to work,https://www.glassdoor.co.in/Reviews/Employee-Review-Adani-Ports-and-Special-Economic-Zone-Limited-APSEZ-RVW83029376.htm,Assistant manager,"Current employee, more than 1 year",Krīshnāpatnam,"Salary on time
Employee support","Location
Pollution
Language barrier
Food",Show more
4.0,12 Sept 2023,Great Exposure!,https://www.glassdoor.co.in/Reviews/Employee-Review-Adani-Ports-and-Special-Economic-Zone-Limited-APSEZ-RVW80011041.htm,Assistant manager (legal),"Former employee, more than 5 years",Mumbai,"1. If you are skilled, you will be given an opportunity. 2. The reporting structure is great, as there are not many layer between you and management. 3. Exposure is exceptional for a newbie or a slightly experienced professional.",Internal YoY growth (in terms of money) varies a lot and average is not great.,Show more
5.0,28 Oct 2023,Nice start,https://www.glassdoor.co.in/Reviews/Employee-Review-Adani-Ports-and-Special-Economic-Zone-Limited-APSEZ-RVW81355093.htm,Senior engineering manager,"Former employee, more than 1 year","Mundra, Gujarat",,,
4.0,10 Oct 2023,Great Company to work,https://www.glassdoor.co.in/Reviews/Employee-Review-Adani-Ports-and-Special-Economic-Zone-Limited-APSEZ-RVW80837607.htm,Manager marketing,"Current employee, more than 8 years",Ahmedabad,Different working experience as it’s a niche business,Don’t have much of opportunities after this company.,Show more
5.0,31 Aug 2023,Excellent for Data analysis of all the adani Port operations,https://www.glassdoor.co.in/Reviews/Employee-Review-Adani-Ports-and-Special-Economic-Zone-Limited-APSEZ-RVW79661498.htm,Data analyst internship,Former intern,,"Huge data set analysis which was given and analysis dashbord creation , business analysis projects was being made for them knowledgeable insides was to be learned while working for them",longer time required for data analysis,Show more
5.0,10 Oct 2023,Nice company,https://www.glassdoor.co.in/Reviews/Employee-Review-Adani-Ports-and-Special-Economic-Zone-Limited-APSEZ-RVW80811239.htm,Senior engineer,Current employee,,,,
4.0,25 Sept 2023,Excellent company,https://www.glassdoor.co.in/Reviews/Employee-Review-Adani-Ports-and-Special-Economic-Zone-Limited-APSEZ-RVW80375274.htm,Head security,"Current employee, more than 3 years","Mundra, Gujarat",The company is good and takes cares of employees,Remote location 6 days working,Show more
5.0,2 Oct 2023,Good,https://www.glassdoor.co.in/Reviews/Employee-Review-Adani-Ports-and-Special-Economic-Zone-Limited-APSEZ-RVW80589384.htm,Head of human resources,Current employee,,,,
5.0,20 Sept 2023,Electrical Maintenance,https://www.glassdoor.co.in/Reviews/Employee-Review-Adani-Ports-and-Special-Economic-Zone-Limited-APSEZ-RVW80241913.htm,Assitant manager,"Current employee, more than 10 years",Kutch,"- Best Work culture, - Superb opportunities, - Growth,",I have no any Down stream points.,Show more
5.0,25 Aug 2023,Company Culture,https://www.glassdoor.co.in/Reviews/Employee-Review-Adani-Ports-and-Special-Economic-Zone-Limited-APSEZ-RVW79496970.htm,Lead planner,"Current employee, less than 1 year","Mundra, Gujarat",,,
5.0,13 Jun 2023,Work life balanced job with a good pay,https://www.glassdoor.co.in/Reviews/Employee-Review-Adani-Ports-and-Special-Economic-Zone-Limited-APSEZ-RVW77337604.htm,Deputy manager,"Former employee, more than 5 years",Ahmedabad,- work life balance - job satisfaction - quality food and huge cafeteria - festival celebration -top office Infrastructure - great vibe to work at workplace,- may be only around 8% is normal increments yearly,Show more
4.0,9 Jun 2023,Job review,https://www.glassdoor.co.in/Reviews/Employee-Review-Adani-Ports-and-Special-Economic-Zone-Limited-APSEZ-RVW77229608.htm,"Senior manager, operations","Current employee, less than 1 year",Mumbai,"A lot of learning, decent working culture and salary",It depends on individuals whether to take it as pain or opportunity. I feel like an opportunity and enjoying the process,Show more
1.0,24 Jul 2023,Too much time for decision making,https://www.glassdoor.co.in/Reviews/Employee-Review-Adani-Ports-and-Special-Economic-Zone-Limited-APSEZ-RVW78527565.htm,Engineer,"Current employee, more than 3 years",Visakhapatnam,Just it's location. Unlike other ports it's very near to urban life,HR department is worst representatives between management and workers. Workmen are very dedicative and good to keep port operations. But HR is very gullible and weak,Show more
2.0,12 Jul 2023,job,https://www.glassdoor.co.in/Reviews/Employee-Review-Adani-Ports-and-Special-Economic-Zone-Limited-APSEZ-RVW78194673.htm,Assistant manager,"Current employee, more than 1 year",,,,
2.0,6 Jan 2023,"Unexpected, Disheartening",https://www.glassdoor.co.in/Reviews/Employee-Review-Adani-Ports-and-Special-Economic-Zone-Limited-APSEZ-RVW72398542.htm,Assistant manager,Former employee,,"Not at all, People are getting attracted because Mr. Adani has secure the place of 2nd richest person around the world","Hiring Process : Which is very horrible, Not smooth at all. The ultimate swag of HR, you will notice in this process. Normally Its takes 2-3 months or more than that to get your offer letter. That time you feel that you are going to compete with google employees Salary : If you are negotiating then you are losing your chances to work in adani or If not they will hire you with the lowest salary that would be much less than supervisor There is no salary bar according to your Job position. Might be there is a possibility that the labour/operator/checker/lasher would have more salary than the managerial position person. Note : You won’t get salary hike easily (Salary on time at the end of month) (Complex Compensation proposal format which is not easy to understand for freshers / 2 yrs exp. person) Location: Mundra, One of the most backward area (For them If you are from Metro cities). Because the worst food you will get inside the port area and in hostel). Better to get a personal bike/ car otherwise difficult to get transportation if you want to anywhere and will be rely on Adani bus/there cabs. Accommodation: 2 persons living inside the small room and if both of them working in 12 hours shift then shifts will get clash, At least need some rest to get back on work for the next day. (You can cook at room but again for 12 hours of shift person, You will not get enough time to do other things) Zomoto and swiggy is there but not for 24 hrs and it takes around 1 hours for the delivery ( Someday you will not even find one Restaurant) Adani Applications : For Each and every small thing there is a App. Glitches/Errors/ bugs that you will face some times. Transportation : Adani buses and their cabs are available which takes 1 hour to reach at your office/ Terminal, While returning there is no direct to your township Again Very Time consuming Most of Management people, Are from labour (Previously worked as a Operator) No words for them If you want to work without keeping anything in you mind and ready to give efforts with clear mind and ready to face any health issues, Not caring about about standard of living/food/ personal time etc. GO FOR IT EXIT Process : Not smooth at all Advice : First provide proper resources then ask questions",Show more
4.0,29 May 2023,Don't want to review and give headline,https://www.glassdoor.co.in/Reviews/Employee-Review-Adani-Ports-and-Special-Economic-Zone-Limited-APSEZ-RVW76866730.htm,Manager,Current employee,,,,
3.0,12 Apr 2023,Not a good job for fresh engineers.,https://www.glassdoor.co.in/Reviews/Employee-Review-Adani-Ports-and-Special-Economic-Zone-Limited-APSEZ-RVW75415117.htm,Assistant manager,"Current employee, more than 3 years","Mundra, Gujarat",,,
5.0,12 Apr 2023,Awesome workplace and culture,https://www.glassdoor.co.in/Reviews/Employee-Review-Adani-Ports-and-Special-Economic-Zone-Limited-APSEZ-RVW75409291.htm,Associate manager,"Current employee, more than 10 years",Ahmedabad,,,
5.0,25 Jan 2023,Good Company to work,https://www.glassdoor.co.in/Reviews/Employee-Review-Adani-Ports-and-Special-Economic-Zone-Limited-APSEZ-RVW72969078.htm,Senior manager,"Former employee, more than 5 years",,"Adani is the best company for L&D, lots of learning opportunities available. Salary was on par with any reputed Indian companies. The execution speed and dynamic management is awesome.",location of work was a constraint and work life balance can be improved,Show more
1.0,25 Apr 2023,Lala company,https://www.glassdoor.co.in/Reviews/Employee-Review-Adani-Ports-and-Special-Economic-Zone-Limited-APSEZ-RVW75815005.htm,Assistant manager,"Former employee, more than 3 years",Ahmedabad,Timely salary Ahmedabad office location is nice,No work life balance Extreme politics,Show more
5.0,10 Mar 2023,Good workplace,https://www.glassdoor.co.in/Reviews/Employee-Review-Adani-Ports-and-Special-Economic-Zone-Limited-APSEZ-RVW74407369.htm,Hydrographic surveyor,"Current contractor, more than 3 years","Mundra, Gujarat",,,
3.0,16 Feb 2023,I have handled Electrical maintenance and breakdown,https://www.glassdoor.co.in/Reviews/Employee-Review-Adani-Ports-and-Special-Economic-Zone-Limited-APSEZ-RVW73679197.htm,Anonymous contractor,"Current contractor, more than 5 years","Mundra, Gujarat",I have biald the good knowledge,I want to be change the job because of no any growth,Show more
3.0,9 Feb 2023,Asst manager maintenance,https://www.glassdoor.co.in/Reviews/Employee-Review-Adani-Ports-and-Special-Economic-Zone-Limited-APSEZ-RVW73474855.htm,Asst manager,"Current employee, less than 1 year",Ahmedabad,"Training program,Learning skills, Multitasking,Team support.","Salary hike,work-life balance,internal politics,Non talent based promotion.",Show more
5.0,8 Feb 2023,adani,https://www.glassdoor.co.in/Reviews/Employee-Review-Adani-Ports-and-Special-Economic-Zone-Limited-APSEZ-RVW73438274.htm,Deputy manager,Current employee,,Great place to work here,working as same as currently,Show more
1.0,18 Mar 2023,Good learning,https://www.glassdoor.co.in/Reviews/Employee-Review-Adani-Ports-and-Special-Economic-Zone-Limited-APSEZ-RVW74645165.htm,Assistant manager,Current employee,Ahmedabad,,,
3.0,9 Jan 2023,Tower Controller,https://www.glassdoor.co.in/Reviews/Employee-Review-Adani-Ports-and-Special-Economic-Zone-Limited-APSEZ-RVW72450400.htm,Tower controller,"Former contractor, less than 1 year","Mundra, Gujarat",,,
3.0,6 Jan 2023,Zero work life balance,https://www.glassdoor.co.in/Reviews/Employee-Review-Adani-Ports-and-Special-Economic-Zone-Limited-APSEZ-RVW72396936.htm,Tower controller,Current contractor,"Mundra, Gujarat",,,
3.0,22 Dec 2022,No incentives and very less pay for such a post,https://www.glassdoor.co.in/Reviews/Employee-Review-Adani-Ports-and-Special-Economic-Zone-Limited-APSEZ-RVW72059894.htm,Anonymous employee,Former employee,,,,
4.0,22 Dec 2022,M&A,https://www.glassdoor.co.in/Reviews/Employee-Review-Adani-Ports-and-Special-Economic-Zone-Limited-APSEZ-RVW72070255.htm,Senior manager,Former employee,,,,
3.0,16 Oct 2022,Worst management.. They are not provide food and rooms.,https://www.glassdoor.co.in/Reviews/Employee-Review-Adani-Ports-and-Special-Economic-Zone-Limited-APSEZ-RVW70187097.htm,Trainee electrical technician,"Former contractor, more than 1 year",Chennai,For starting level engineer. It good to learn electrical connection and plc side. Job security,They are bot recognize contracts employees. Worst appraisal process,Show more
5.0,24 Nov 2022,Great environment to work with,https://www.glassdoor.co.in/Reviews/Employee-Review-Adani-Ports-and-Special-Economic-Zone-Limited-APSEZ-RVW71373929.htm,Anonymous employee,"Current employee, more than 8 years",,,,
4.0,15 Nov 2022,Good staff,https://www.glassdoor.co.in/Reviews/Employee-Review-Adani-Ports-and-Special-Economic-Zone-Limited-APSEZ-RVW71083558.htm,Anonymous intern,"Current intern, less than 1 year",,,,
4.0,3 Nov 2022,Best port in the world for shipping.,https://www.glassdoor.co.in/Reviews/Employee-Review-Adani-Ports-and-Special-Economic-Zone-Limited-APSEZ-RVW70737371.htm,Mechanical engineer,Current employee,,,,
4.0,8 Oct 2022,Good,https://www.glassdoor.co.in/Reviews/Employee-Review-Adani-Ports-and-Special-Economic-Zone-Limited-APSEZ-RVW69930346.htm,Dgm - operations,Former employee,,A good company can prosper with the growth of the organization,"Still, organizations maximize people's potential for growth by guiding development and deployment.",Show more
5.0,30 Aug 2022,Attend breakdown over running printing maintenance and operations,https://www.glassdoor.co.in/Reviews/Employee-Review-Adani-Ports-and-Special-Economic-Zone-Limited-APSEZ-RVW68496849.htm,Maintenance engineer,Current employee,,,,
4.0,28 Jul 2022,Good company for Growth,https://www.glassdoor.co.in/Reviews/Employee-Review-Adani-Ports-and-Special-Economic-Zone-Limited-APSEZ-RVW67290624.htm,Officer,Current employee,,"Good working culture
People are supportive and help in individual growth",Shift timing are awkward. Need to reconsider,Show more
4.0,20 Jul 2022,Good,https://www.glassdoor.co.in/Reviews/Employee-Review-Adani-Ports-and-Special-Economic-Zone-Limited-APSEZ-RVW66924508.htm,Officer,Current employee,,,,
4.0,5 Jul 2022,Great Work life balance,https://www.glassdoor.co.in/Reviews/Employee-Review-Adani-Ports-and-Special-Economic-Zone-Limited-APSEZ-RVW66293858.htm,Associate manager,"Current employee, more than 1 year",,,,
5.0,25 Feb 2022,It's indias leading port and logistics sector company which is giving tremendous services to customers.,https://www.glassdoor.co.in/Reviews/Employee-Review-Adani-Ports-and-Special-Economic-Zone-Limited-APSEZ-RVW60270088.htm,Senior operation executive,"Current employee, more than 3 years","Mundra, Gujarat",Gaining good experience as per my education curriculum. And learnt operations practically.,There are challenges to handle live operation and you will have to give immediate response to the person who's in trouble or if any problem occurs.,Show more
1.0,30 May 2022,Full time,https://www.glassdoor.co.in/Reviews/Employee-Review-Adani-Ports-and-Special-Economic-Zone-Limited-APSEZ-RVW64861665.htm,Engineer,"Former employee, more than 1 year","Mundra, Gujarat","No any pros.
Dirty politics.
No job security.","HR will force your reporting manager to give 1 rating (Need improvement) to any one or two employees within team. Than on that basis, HR will call you and ask for resignation.",Show more
5.0,21 May 2022,Excellent,https://www.glassdoor.co.in/Reviews/Employee-Review-Adani-Ports-and-Special-Economic-Zone-Limited-APSEZ-RVW64491804.htm,Head security,Current employee,,,,
1.0,20 Aug 2022,No sense of time,https://www.glassdoor.co.in/Reviews/Employee-Review-Adani-Ports-and-Special-Economic-Zone-Limited-APSEZ-RVW68132535.htm,Anonymous employee,"Former employee, more than 1 year",,,,
4.0,11 Apr 2022,Good Company,https://www.glassdoor.co.in/Reviews/Employee-Review-Adani-Ports-and-Special-Economic-Zone-Limited-APSEZ-RVW62591143.htm,Manager,"Current employee, more than 3 years",Ahmedabad,"Good Team, Great Responsibility, High visibility. Best salary in the industry",No work life balance. Mundra location you find nothing to visit,Show more
4.0,28 Apr 2022,good company,https://www.glassdoor.co.in/Reviews/Employee-Review-Adani-Ports-and-Special-Economic-Zone-Limited-APSEZ-RVW63405976.htm,Program manager,Current employee,,,,
5.0,21 Jan 2022,Great & Employee Friendly Company,https://www.glassdoor.co.in/Reviews/Employee-Review-Adani-Ports-and-Special-Economic-Zone-Limited-APSEZ-RVW58313099.htm,Deputy manager,"Former employee, more than 5 years","Mundra, Gujarat","Adani Ports is very Good Company and Employee Friendly Company, Saturday is half day at the site and at HO.",In Five years working i doesn't found which i feel cons for the company.,Show more
3.0,8 Mar 2022,Ports,https://www.glassdoor.co.in/Reviews/Employee-Review-Adani-Ports-and-Special-Economic-Zone-Limited-APSEZ-RVW60790258.htm,Associate manager,"Current employee, more than 3 years",Mumbai,The company is Entrepreneurial and offers flexibility,HR policies is one of the worst in the market,Show more
2.0,24 Mar 2022,No Career Growth,https://www.glassdoor.co.in/Reviews/Employee-Review-Adani-Ports-and-Special-Economic-Zone-Limited-APSEZ-RVW61694839.htm,Bi analyst,"Current employee, more than 1 year",Mumbai,,,
4.0,7 Mar 2022,Adani GET,https://www.glassdoor.co.in/Reviews/Employee-Review-Adani-Ports-and-Special-Economic-Zone-Limited-APSEZ-RVW60744382.htm,Senior electrical engineer,"Current employee, more than 1 year","Mundra, Gujarat",,,
5.0,24 Jan 2022,"Good work environment, ambitious company, performance driven",https://www.glassdoor.co.in/Reviews/Employee-Review-Adani-Ports-and-Special-Economic-Zone-Limited-APSEZ-RVW58447725.htm,Manager-hr,Current employee,,,,
4.0,13 Feb 2022,Marketing,https://www.glassdoor.co.in/Reviews/Employee-Review-Adani-Ports-and-Special-Economic-Zone-Limited-APSEZ-RVW59585241.htm,Deputy manager,"Current employee, more than 5 years",,,,
4.0,18 Jan 2022,Excellent,https://www.glassdoor.co.in/Reviews/Employee-Review-Adani-Ports-and-Special-Economic-Zone-Limited-APSEZ-RVW58105473.htm,Deputy manager,"Former employee, more than 3 years","Mundra, Gujarat",,,
5.0,28 Oct 2021,5,https://www.glassdoor.co.in/Reviews/Employee-Review-Adani-Ports-and-Special-Economic-Zone-Limited-APSEZ-RVW54623266.htm,Executive assistant,Current employee,Chennai,"As my resume indicates, i possess more than 11 years of progressive experience in about in the positions assistant manager – to assist handle corporate office coordination, operation support, to involve operation excellence data report generation analysis and coordinate to business development","	Handling day to day southern CEO office planning, executive operational task 
	Coordinate southern region offices and support operation tasks.
	Prepare MIS report and track the company performance on a daily /weekly monthly yearly basis 
	Preparation of presentation on budget /future plans/conference/seminar for senior management
	coordinate involve daily operation review prepare MOM to monitor the progress of action taken to
	coordinate HOD's HOS for annual budget meeting 
	Prepare a presentation for the monthly review meeting and management review presentation for future.
	Follow up HOD's and employee for ongoing projects tasks, correspondents, Information required business head.
	Analysis systems & process recommend the suggestion for improvements. 
	Process documents through SAP required by Business heads.
	Arrange clients meeting and visit accompanies them if necessary.
	Any other duties and activities assigned by management from the time to time. 
	To access Note in SAP , Note for Approval ,",Show more
2.0,5 May 2021,"Unprofessional ,disorganized  and a complete ruckus",https://www.glassdoor.co.in/Reviews/Employee-Review-Adani-Ports-and-Special-Economic-Zone-Limited-APSEZ-RVW46490837.htm,Assistant manager,"Current employee, more than 1 year",Dahej,If you are very lucky you may get a good opportunity across the group Only if you are very lucky.,Completely unprofessional and disorganized work culture. No grievance addressable system. Too much authority given to site heads. No proper or transparent upraisal system. Work assignment is bizzare. Lack of basic infrastructure at sites. Mostly poor educated and unprofessional senior management working in their personal interests even if it may be against the company. Psychophancy is prevalent. No promotion or growth outlook. May get one promotion in 10 years. People using unparliamentary language and ancient work culture more like a government office.,Show more
2.0,2 Jan 2017,Executive Assistant to CEO,https://www.glassdoor.co.in/Reviews/Employee-Review-Adani-Ports-and-Special-Economic-Zone-Limited-APSEZ-RVW13158295.htm,Executive assistant,"Former employee, more than 1 year",,"Brand name that can help you to get good job in future.
Good business strategy that gives job assurity.
Awesome scope of making money through corruption (if you have power or selected in purchase).","Poor Salary structure (below industry standards).
Lack of professionalism (Lala Company/ Sethiya company).
Less growth opportunity (poor PMS & reward system).
Poor HR policies & grievance resolution system",Show more
3.0,14 Sept 2019,Challenging work,https://www.glassdoor.co.in/Reviews/Employee-Review-Adani-Ports-and-Special-Economic-Zone-Limited-APSEZ-RVW29230347.htm,Assistant manager,"Current employee, less than 1 year","Mundra, Gujarat","1. Nice maintained township, 
2. Good salary
3. Gives opportunity to less experienced person.
4. Learning","1. HR policies are unorganised.
2. Job security is lower.
3. Safety is not a big concern for this organization.
4. Stressful work culture.
5. No work life balance.
6. Mundra location is very very remote. 
7. Poor connectivity.",Show more
2.0,14 Dec 2021,Toxic work culture,https://www.glassdoor.co.in/Reviews/Employee-Review-Adani-Ports-and-Special-Economic-Zone-Limited-APSEZ-RVW56663212.htm,Senior engineer,"Former employee, less than 1 year","Mundra, Gujarat",Not much pros over here,"Treats like slaves, Engineer means labour, Local politics, worst work culture, too much difference between operation and maintenance team. Operation team will be treated as gods, rest room, leasure hours, production incentive every thing will be provided for operation team. Maintenance team treated as slaves, no place to relax , will not be permitted to sit in office, no production incentive, have to work even in sunny, rain or storm no one cares,",Show more
4.0,9 Jul 2019,Operations Officer,https://www.glassdoor.co.in/Reviews/Employee-Review-Adani-Ports-and-Special-Economic-Zone-Limited-APSEZ-RVW27888423.htm,Operations officer,"Former employee, more than 3 years","Mundra, Gujarat","Job security, Accomodation,Brand name,HR activities","Daily monotonous job, Favouritism for local state people, Interior Location",Show more
4.0,30 Sept 2017,"APSEZ,  Mundra is the heaven of knowledge. Leaders are made at Mundra.  Sky is the limit to learn. Safety is sacrosanct.",https://www.glassdoor.co.in/Reviews/Employee-Review-Adani-Ports-and-Special-Economic-Zone-Limited-APSEZ-RVW17106346.htm,Head occupational health and safety,"Current employee, more than 1 year",,"Senior Leadership Team is energetic, focussed on goals. & targets. People work as Team as they know - Together We Can Achieve More""",One has to travel 60 Km to shop or purchase items and carry out vehicle servicing. Air lift during critical emergencies may be difficult.,Show more
3.0,27 Sept 2021,A place where your potential will be identified,https://www.glassdoor.co.in/Reviews/Employee-Review-Adani-Ports-and-Special-Economic-Zone-Limited-APSEZ-RVW53137221.htm,Assistant manager,"Current employee, more than 5 years","Mundra, Gujarat","1. Trust on employee
2. Gives opportunity for internal movement of role
3. Provides you flexibility to swtich to its other business
4. Accomodation in remote location","1. From last two years Job security is a major concern.
2. IT infrastructure is horrible.
3. Unnecessary hierarchy for approvals",Show more
4.0,20 Apr 2020,Good organization to work with and good opportunities to learn & implement,https://www.glassdoor.co.in/Reviews/Employee-Review-Adani-Ports-and-Special-Economic-Zone-Limited-APSEZ-RVW32804209.htm,Manager - talent management and learning & development,"Former employee, more than 3 years",Ahmedabad,"- Standardized Policies and Procedures
- Friendly working atmosphere
- Good leadership from Top Management
- Organization where you can implement your past company learnings
- Freedom to take decisions",- Slow decision-making process at management levels,Show more
4.0,26 Nov 2012,Its a great place to work in and I am very much satisfied with this company.,https://www.glassdoor.co.in/Reviews/Employee-Review-Adani-Ports-and-Special-Economic-Zone-Limited-APSEZ-RVW2162229.htm,Project manager,"Former contractor, less than 1 year",Mumbai,"Nice work environment, Good salary package, Senior people are really supportive, There is a good balance between personal and professional life.",Few HR Policies should be revised. New Equipment should be maintained.,Show more
5.0,2 Jun 2021,One of the Best Places to Work in India,https://www.glassdoor.co.in/Reviews/Employee-Review-Adani-Ports-and-Special-Economic-Zone-Limited-APSEZ-RVW47810209.htm,Marine engineer,"Former employee, more than 1 year","Mundra, Gujarat","Industry Leader in South East Asia, Timely Salary and Perks, Best in Class Marine Infrastructure, Presently the Best Minds in India are undoubtedly in Adani, Work Life Balance, Excellent Behaviour of HODs",Staying away from Home is the only Con I could think of,Show more
3.0,4 Feb 2021,Mixed Review,https://www.glassdoor.co.in/Reviews/Employee-Review-Adani-Ports-and-Special-Economic-Zone-Limited-APSEZ-RVW41947285.htm,Senior engineer,"Former employee, more than 3 years",Dahej,"Steady Job
Decent Pay
Perks for Employees
Opportunity to move around","Complex Organizational Structure
Less autonomy
Sometimes overstaffed in certain places, leads to lesser opportunity for growth
Job success depends on which in which location you were working, for example Dahej location doesn't present much career growth",Show more
4.0,12 Jun 2019,"If you're an enthusiastic engineer who wants to explore deep into engineering skills ,this is the place you are looking.",https://www.glassdoor.co.in/Reviews/Employee-Review-Adani-Ports-and-Special-Economic-Zone-Limited-APSEZ-RVW27197616.htm,Senior engineer,"Current employee, more than 3 years",Chennai,Hands on experience. Friendly upper management.,"No further growth available here. Once you enter here as an senior engineer whether you get promoted to higher level or not , your job  roles will be same .",Show more
2.0,1 Jun 2021,No growth,https://www.glassdoor.co.in/Reviews/Employee-Review-Adani-Ports-and-Special-Economic-Zone-Limited-APSEZ-RVW47748121.htm,Senior officer,"Current employee, more than 3 years",Ahmedabad,"Good work culture,
Professional at higher level
Time flexibility
Great exposure","Low salary to lower management
Annual growth is less than inflation rate
Slow promotion
Lala company",Show more
4.0,3 Jul 2021,Adani Ports a good place to work,https://www.glassdoor.co.in/Reviews/Employee-Review-Adani-Ports-and-Special-Economic-Zone-Limited-APSEZ-RVW49264708.htm,Associate manager,"Current employee, more than 10 years",,"Pays well. More cross functional assignments and exposure to various levels
One of the best and growing companies in India. Indias largest private port operator.","Don't give market corrections w.r.t competitors.
Low chances of improving profile for individual growth and profile building",Show more
4.0,24 Feb 2021,Good place to learn,https://www.glassdoor.co.in/Reviews/Employee-Review-Adani-Ports-and-Special-Economic-Zone-Limited-APSEZ-RVW43067400.htm,Internship,"Current intern, less than 1 year","Mundra, Gujarat",A lot of opportunity to learn; Good mentors; Live operations; Practical knowledge,If you are in general shift then it's ok but if you are in roaster shift then your personal life and sleep is very much affected; Very little social life outside workplace.,Show more
4.0,6 Apr 2021,Non-standardised Salary,https://www.glassdoor.co.in/Reviews/Employee-Review-Adani-Ports-and-Special-Economic-Zone-Limited-APSEZ-RVW45128443.htm,Senior officer,"Current employee, more than 3 years",Bhubaneshwar,"If you are keen to learn and are capable of showing grit and intent, this company would give you all opportunity to grow.",Organic growth of career within the organisation is not fast enough. Laterally hired fellows get exception hike though.,Show more
4.0,21 Sept 2016,Good Company to work with,https://www.glassdoor.co.in/Reviews/Employee-Review-Adani-Ports-and-Special-Economic-Zone-Limited-APSEZ-RVW12014424.htm,Assistant manager,"Current employee, more than 5 years",Dahej,"1. Good working culture despite of ranks & posts
2. Fast decisions
3. Good HR policies 
4. Long term association will be beneficial",Nothing as such observed.,Show more
5.0,5 Aug 2021,Nice company to work with,https://www.glassdoor.co.in/Reviews/Employee-Review-Adani-Ports-and-Special-Economic-Zone-Limited-APSEZ-RVW50718428.htm,Manager,"Former employee, more than 3 years","Mundra, Gujarat","Superb township, Cool working, Freedom, Good work life balance, Great leadership.","Remote location, Nice colleagues, free food, free transportation, gym, all sports facilities.",Show more
4.0,23 Feb 2021,Breaking record's of discharge coal.,https://www.glassdoor.co.in/Reviews/Employee-Review-Adani-Ports-and-Special-Economic-Zone-Limited-APSEZ-RVW42936142.htm,Operation supervisor,"Current employee, more than 10 years","Mundra, Gujarat",This is doing well with employees and giving good opportunity to every employee.,Reason is not good but I'm working here so lang term. So i want to change current job.,Show more
4.0,28 Apr 2017,Excellent opportunity to learn and grow.,https://www.glassdoor.co.in/Reviews/Employee-Review-Adani-Ports-and-Special-Economic-Zone-Limited-APSEZ-RVW14839916.htm,Senior engineer,"Former employee, more than 5 years",Surat,"Top management is supportive, vast business domains, supportive and guiding mentors.",few internal training program,Show more
4.0,23 Nov 2017,Good work environment. But lot of work,https://www.glassdoor.co.in/Reviews/Employee-Review-Adani-Ports-and-Special-Economic-Zone-Limited-APSEZ-RVW18043464.htm,Anonymous intern,Former intern,,Good work environment. Good infrastructure.  You'll get a sense of pride for working at India's largest port.,"Location!
Interns do not get even basic requirement like PPE.",Show more
4.0,11 Nov 2020,Good company to work with. Top management is focused to companies growth.,https://www.glassdoor.co.in/Reviews/Employee-Review-Adani-Ports-and-Special-Economic-Zone-Limited-APSEZ-RVW38259699.htm,Deputy manager,"Current employee, more than 10 years",Ahmedabad,,,
3.0,30 Sept 2020,good to start with,https://www.glassdoor.co.in/Reviews/Employee-Review-Adani-Ports-and-Special-Economic-Zone-Limited-APSEZ-RVW36533424.htm,Senior engineer,"Current employee, more than 3 years",Bhadrakh,good exposure for new engineers. variety of technology exposure. goof upper management,politics in middle level management.,Show more
5.0,2 Dec 2018,Assistant Manager,https://www.glassdoor.co.in/Reviews/Employee-Review-Adani-Ports-and-Special-Economic-Zone-Limited-APSEZ-RVW23664992.htm,Anonymous employee,Former employee,,,,
4.0,29 Jun 2019,Assistant Manager,https://www.glassdoor.co.in/Reviews/Employee-Review-Adani-Ports-and-Special-Economic-Zone-Limited-APSEZ-RVW27698228.htm,Assistant manager,"Current employee, less than 1 year",Ahmedabad,,,
5.0,12 Oct 2019,It's a esteemed organization and the management is excellent,https://www.glassdoor.co.in/Reviews/Employee-Review-Adani-Ports-and-Special-Economic-Zone-Limited-APSEZ-RVW29768543.htm,Second officer,"Former contractor, more than 3 years","Mundra, Gujarat",Good safety measures are taken,Tidel behaviour of sea is in predict,Show more
4.0,25 Jul 2021,Good Company To Work For,https://www.glassdoor.co.in/Reviews/Employee-Review-Adani-Ports-and-Special-Economic-Zone-Limited-APSEZ-RVW50246901.htm,Deputy manager,Current employee,Surat,,,
5.0,17 Oct 2015,Chemist in 2.5 MLD CETP,https://www.glassdoor.co.in/Reviews/Employee-Review-Adani-Ports-and-Special-Economic-Zone-Limited-APSEZ-RVW8334312.htm,Chemist,"Current contractor, less than 1 year","Mundra, Gujarat",,,
5.0,30 Aug 2016,APSEZ,https://www.glassdoor.co.in/Reviews/Employee-Review-Adani-Ports-and-Special-Economic-Zone-Limited-APSEZ-RVW11730839.htm,Dgm,"Former employee, more than 5 years","Gurgaon, Haryana",,,
3.0,14 Sept 2018,Good,https://www.glassdoor.co.in/Reviews/Employee-Review-Adani-Ports-and-Special-Economic-Zone-Limited-APSEZ-RVW22477243.htm,Gate coordinator,"Current employee, more than 3 years","Mundra, Gujarat",Good infrastructure world class HSE,Poor management team for this reason this organisation not have any employee satisfaction,Show more
5.0,27 Jan 2018,Senior Engineer in Adani ports,https://www.glassdoor.co.in/Reviews/Employee-Review-Adani-Ports-and-Special-Economic-Zone-Limited-APSEZ-RVW18949353.htm,Senior engineer,"Current employee, more than 1 year",Chennai,,,
5.0,25 Jun 2019,Radio Officer,https://www.glassdoor.co.in/Reviews/Employee-Review-Adani-Ports-and-Special-Economic-Zone-Limited-APSEZ-RVW27605141.htm,Anonymous employee,"Current employee, more than 5 years",,Adani Ports is the best company in this sector. Work Environment is absolutely amazing over hear.,I dont remember any cons right now,Show more
4.0,18 Sept 2019,I got compass placement.,https://www.glassdoor.co.in/Reviews/Employee-Review-Adani-Ports-and-Special-Economic-Zone-Limited-APSEZ-RVW29300836.htm,Anonymous employee,"Former employee, more than 1 year",,"Salary according to market stanard.
Opportunity for mechanical engineer in maintenance.","Remote area.
Chemical engineer dont apply as it doesn't involve production or designing.",Show more
1.0,6 Aug 2015,Poor!,https://www.glassdoor.co.in/Reviews/Employee-Review-Adani-Ports-and-Special-Economic-Zone-Limited-APSEZ-RVW7485528.htm,Trainee engineer,"Current contractor, more than 1 year","Mundra, Gujarat","I haven't seen such a worst working atmosphere. No safety, no support nothing. Not an international port looks as if domestic.","Woh! Lot of challenges. Non availability of transportation, food, material and much more. And the most biggest challenge of doing the job on time without availability of material. Lot of headache.",Show more
5.0,28 Jul 2020,Best for work,https://www.glassdoor.co.in/Reviews/Employee-Review-Adani-Ports-and-Special-Economic-Zone-Limited-APSEZ-RVW34495725.htm,Freelancer,"Current employee, more than 3 years","Rājkot, Gujarat",Work conveniently and better atmosphere,In fact there is no reason to say anything downgrading,Show more
4.0,22 Feb 2014,Good working culture and employee satisfaction oriented company.,https://www.glassdoor.co.in/Reviews/Employee-Review-Adani-Ports-and-Special-Economic-Zone-Limited-APSEZ-RVW3749767.htm,Senior engineer ( procurement and contracts),"Current employee, more than 3 years","Mundra, Gujarat",,,
4.0,19 Jan 2018,Senior Engineer @ Adani Ports,https://www.glassdoor.co.in/Reviews/Employee-Review-Adani-Ports-and-Special-Economic-Zone-Limited-APSEZ-RVW18810648.htm,Anonymous employee,"Current employee, more than 1 year",,wide area to learn. Work life balance.,sometimes maintenance breakdown pile up,Show more
5.0,20 Oct 2021,Good environment,https://www.glassdoor.co.in/Reviews/Employee-Review-Adani-Ports-and-Special-Economic-Zone-Limited-APSEZ-RVW54237054.htm,Operations supervisor,Current employee,Mundra Bandar,,,
2.0,27 Nov 2021,Company is def to remove anyone at anytime with a lots of politics.,https://www.glassdoor.co.in/Reviews/Employee-Review-Adani-Ports-and-Special-Economic-Zone-Limited-APSEZ-RVW55908305.htm,Senior engineer,"Current employee, more than 1 year",,,,
4.0,14 Oct 2016,Great Learning,https://www.glassdoor.co.in/Reviews/Employee-Review-Adani-Ports-and-Special-Economic-Zone-Limited-APSEZ-RVW12308594.htm,Assistant manager,"Former employee, more than 3 years","Mundra, Gujarat",Market Leader so you will get to learn more.,Over time working for few days in a month.,Show more
5.0,24 Aug 2021,Good Organization to work for,https://www.glassdoor.co.in/Reviews/Employee-Review-Adani-Ports-and-Special-Economic-Zone-Limited-APSEZ-RVW51541196.htm,Anonymous employee,"Former employee, more than 5 years",Ahmedabad,,,
4.0,18 Nov 2021,Senior engineer - Shift Incharge - Liquid Terminal- Operations,https://www.glassdoor.co.in/Reviews/Employee-Review-Adani-Ports-and-Special-Economic-Zone-Limited-APSEZ-RVW55547951.htm,Senior engineer,Current employee,Chennai,,,
5.0,18 Dec 2019,Place to work with dedication,https://www.glassdoor.co.in/Reviews/Employee-Review-Adani-Ports-and-Special-Economic-Zone-Limited-APSEZ-RVW30939627.htm,Anonymous employee,Current employee,,,,
4.0,19 Jan 2017,Good company to work with,https://www.glassdoor.co.in/Reviews/Employee-Review-Adani-Ports-and-Special-Economic-Zone-Limited-APSEZ-RVW13391097.htm,Assistant manager,"Current employee, more than 1 year",Ahmedabad,"Good opportunities
Good compensation
Good Facilities
Independence
Work life balance","Politics
Desi culture
Local crowd
No female employees
HR",Show more
4.0,30 Nov 2019,Good Organization,https://www.glassdoor.co.in/Reviews/Employee-Review-Adani-Ports-and-Special-Economic-Zone-Limited-APSEZ-RVW30633752.htm,Anonymous employee,Current employee,,"Giving decision making authority 
Transparent
focus on development of employees","too much cost saving in the organization
can do better",Show more
3.0,20 Jan 2020,Head,https://www.glassdoor.co.in/Reviews/Employee-Review-Adani-Ports-and-Special-Economic-Zone-Limited-APSEZ-RVW31401648.htm,Safety,"Current employee, more than 3 years",Ahmedabad,Good organisation with employee training for next level,Structure reporting is a concern to look at,Show more
5.0,13 Jan 2022,110kv switch yard and 11kv substation maintenance,https://www.glassdoor.co.in/Reviews/Employee-Review-Adani-Ports-and-Special-Economic-Zone-Limited-APSEZ-RVW57862179.htm,Anonymous employee,"Current employee, more than 5 years",Chennai,Best work  experience in my port,Most challenging work new project,Show more
5.0,10 Oct 2017,Hi there,https://www.glassdoor.co.in/Reviews/Employee-Review-Adani-Ports-and-Special-Economic-Zone-Limited-APSEZ-RVW17263160.htm,Anonymous employee,Current employee,,"Best place to work,  safety always first","No work life balance,  hectic schedule",Show more
3.0,5 Mar 2018,Senior engineer,https://www.glassdoor.co.in/Reviews/Employee-Review-Adani-Ports-and-Special-Economic-Zone-Limited-APSEZ-RVW19527422.htm,Senior engineer,Current employee,,"If we want stress free environment ..this is it.
Never a delay in salary","Job security not available 
Remote location",Show more
3.0,5 Mar 2018,Adani Ports and SEZ review,https://www.glassdoor.co.in/Reviews/Employee-Review-Adani-Ports-and-Special-Economic-Zone-Limited-APSEZ-RVW19536702.htm,Senior engineer,"Former employee, more than 1 year",Chennai,,,
4.0,6 Dec 2018,Overall Good,https://www.glassdoor.co.in/Reviews/Employee-Review-Adani-Ports-and-Special-Economic-Zone-Limited-APSEZ-RVW23726274.htm,Anonymous employee,"Current employee, more than 1 year","Mundra, Gujarat",,,
3.0,12 Jun 2019,"Average growth, work life balance,remote locations",https://www.glassdoor.co.in/Reviews/Employee-Review-Adani-Ports-and-Special-Economic-Zone-Limited-APSEZ-RVW27198969.htm,Anonymous employee,"Former employee, more than 1 year",,,,
4.0,11 Dec 2019,Best for learning about port industry,https://www.glassdoor.co.in/Reviews/Employee-Review-Adani-Ports-and-Special-Economic-Zone-Limited-APSEZ-RVW30810201.htm,Senior engineer,"Current employee, more than 3 years",Surat,"Freedom to take decision. 
Good salary","Shift duty 12 hrs , no proper management",Show more
3.0,30 Jul 2013,Good project exposure,https://www.glassdoor.co.in/Reviews/Employee-Review-Adani-Ports-and-Special-Economic-Zone-Limited-APSEZ-RVW2874149.htm,Contract administrator,"Current employee, more than 5 years",Gāndhīdhām,,,
4.0,25 Feb 2018,Senior Officer,https://www.glassdoor.co.in/Reviews/Employee-Review-Adani-Ports-and-Special-Economic-Zone-Limited-APSEZ-RVW19405191.htm,Senior officer,"Current employee, less than 1 year",Chennai,Excellent company to work with,Paying very less to freshers,Show more
4.0,22 Dec 2018,Good place,https://www.glassdoor.co.in/Reviews/Employee-Review-Adani-Ports-and-Special-Economic-Zone-Limited-APSEZ-RVW23935557.htm,Safety manager,"Former employee, less than 1 year",Surat,"Freedom to work, high salary, motivated, good infrastructure","Management level discussion, work life balance, area imtereor",Show more
5.0,25 Sept 2020,Very Good Company and Group to work,https://www.glassdoor.co.in/Reviews/Employee-Review-Adani-Ports-and-Special-Economic-Zone-Limited-APSEZ-RVW36361504.htm,"Manager, internal audit","Former employee, more than 1 year","Mundra, Gujarat",,,
4.0,8 Jan 2015,Good com,https://www.glassdoor.co.in/Reviews/Employee-Review-Adani-Ports-and-Special-Economic-Zone-Limited-APSEZ-RVW5660234.htm,Anonymous employee,Current employee,,Culture. Not much strict. No late coming,"Canteen. Bad food, too much travel time",Show more
5.0,2 Jul 2018,Love my job,https://www.glassdoor.co.in/Reviews/Employee-Review-Adani-Ports-and-Special-Economic-Zone-Limited-APSEZ-RVW21295887.htm,Anonymous contractor,Current contractor,,,,
3.0,15 Nov 2018,Adani,https://www.glassdoor.co.in/Reviews/Employee-Review-Adani-Ports-and-Special-Economic-Zone-Limited-APSEZ-RVW23430164.htm,Assistant,Current employee,,,,
5.0,10 Dec 2018,Good,https://www.glassdoor.co.in/Reviews/Employee-Review-Adani-Ports-and-Special-Economic-Zone-Limited-APSEZ-RVW23779123.htm,Anonymous employee,"Current employee, less than 1 year","Mundra, Gujarat",,,
2.0,20 Sept 2020,Not good Company,https://www.glassdoor.co.in/Reviews/Employee-Review-Adani-Ports-and-Special-Economic-Zone-Limited-APSEZ-RVW36156121.htm,Assistant vice president fp&a,"Former employee, more than 1 year",Ahmedabad,,,
5.0,28 Apr 2021,Better Opportunity,https://www.glassdoor.co.in/Reviews/Employee-Review-Adani-Ports-and-Special-Economic-Zone-Limited-APSEZ-RVW46223651.htm,Mechanical engineering,Current employee,"Mundra, Gujarat","Skill Development
Growth Opportunity
Good Pay scale
Learning Opportunity",Looking for other job due to travelling for projects.,Show more
4.0,17 Jul 2019,Good place to work,https://www.glassdoor.co.in/Reviews/Employee-Review-Adani-Ports-and-Special-Economic-Zone-Limited-APSEZ-RVW28088204.htm,Anonymous employee,Current employee,,,,
3.0,12 Apr 2021,Container terminal review,https://www.glassdoor.co.in/Reviews/Employee-Review-Adani-Ports-and-Special-Economic-Zone-Limited-APSEZ-RVW45369158.htm,Senior engineer,"Current employee, more than 1 year","Mundra, Gujarat","Township accommodation
Field work is more
Diversity","Work environment not suitable for some people
Work load is more",Show more
4.0,24 Jun 2021,Great company,https://www.glassdoor.co.in/Reviews/Employee-Review-Adani-Ports-and-Special-Economic-Zone-Limited-APSEZ-RVW48847152.htm,Head security,"Current employee, more than 3 years",Hazira,"Great work environment 
Supportive management",5.5 days working day culture,Show more
5.0,11 Jan 2022,very good company,https://www.glassdoor.co.in/Reviews/Employee-Review-Adani-Ports-and-Special-Economic-Zone-Limited-APSEZ-RVW57726608.htm,Anonymous employee,"Current employee, more than 3 years",Surat,,,
3.0,18 Feb 2017,summer internship at Adani Ports,https://www.glassdoor.co.in/Reviews/Employee-Review-Adani-Ports-and-Special-Economic-Zone-Limited-APSEZ-RVW13843412.htm,Summer intern,"Former employee, less than 1 year",Surat,,,
5.0,5 Sept 2019,Working culture @ Adani,https://www.glassdoor.co.in/Reviews/Employee-Review-Adani-Ports-and-Special-Economic-Zone-Limited-APSEZ-RVW29039572.htm,Anonymous employee,Current employee,,,,
4.0,15 Jan 2021,Great work life balance,https://www.glassdoor.co.in/Reviews/Employee-Review-Adani-Ports-and-Special-Economic-Zone-Limited-APSEZ-RVW40755129.htm,Manager,"Current employee, more than 5 years",Ahmedabad,,,
2.0,31 May 2018,Ok to work,https://www.glassdoor.co.in/Reviews/Employee-Review-Adani-Ports-and-Special-Economic-Zone-Limited-APSEZ-RVW20824798.htm,Assistant manager,"Current employee, more than 1 year",Ahmedabad,No pressure in working here,Less learning while working here,Show more
4.0,4 Nov 2019,Great learning,https://www.glassdoor.co.in/Reviews/Employee-Review-Adani-Ports-and-Special-Economic-Zone-Limited-APSEZ-RVW30192929.htm,Intern,Former intern,New Delhi,"Very encouraging and supportive seniors 
Interesting project",Slowness in completion of the project,Show more
4.0,16 Jan 2021,NA,https://www.glassdoor.co.in/Reviews/Employee-Review-Adani-Ports-and-Special-Economic-Zone-Limited-APSEZ-RVW40824200.htm,Senior officer,Former employee,Surat,,,
5.0,29 Mar 2021,Environment Expert,https://www.glassdoor.co.in/Reviews/Employee-Review-Adani-Ports-and-Special-Economic-Zone-Limited-APSEZ-RVW44709008.htm,Environmental specialist,Current employee,Bhadrakh,Good place to work and learn.,Nothing bad about the company.,Show more
5.0,23 Aug 2021,-,https://www.glassdoor.co.in/Reviews/Employee-Review-Adani-Ports-and-Special-Economic-Zone-Limited-APSEZ-RVW51532295.htm,Senior officer,Current employee,Hazira,,,
3.0,12 Nov 2021,Mechanical/Maintenance Engineer,https://www.glassdoor.co.in/Reviews/Employee-Review-Adani-Ports-and-Special-Economic-Zone-Limited-APSEZ-RVW55288676.htm,Mechanical/maintenance engineer,"Current employee, more than 5 years",Kutch,,,
4.0,27 Nov 2021,Good,https://www.glassdoor.co.in/Reviews/Employee-Review-Adani-Ports-and-Special-Economic-Zone-Limited-APSEZ-RVW55906842.htm,Safety officer,Current employee,Vadodara,,,
4.0,12 Jan 2022,no career advancements,https://www.glassdoor.co.in/Reviews/Employee-Review-Adani-Ports-and-Special-Economic-Zone-Limited-APSEZ-RVW57837067.htm,Deputy manager,Current employee,,,,
4.0,28 Aug 2014,Good,https://www.glassdoor.co.in/Reviews/Employee-Review-Adani-Ports-and-Special-Economic-Zone-Limited-APSEZ-RVW4863981.htm,Executive,"Current employee, more than 5 years","Mundra, Gujarat",Good company to work in,"Personal Growth, Location constraint of Mundra",Show more
3.0,9 Apr 2017,Good place to work,https://www.glassdoor.co.in/Reviews/Employee-Review-Adani-Ports-and-Special-Economic-Zone-Limited-APSEZ-RVW14552562.htm,Anonymous employee,Current employee,,,,
5.0,10 Jan 2018,Roro,https://www.glassdoor.co.in/Reviews/Employee-Review-Adani-Ports-and-Special-Economic-Zone-Limited-APSEZ-RVW18659722.htm,Anonymous employee,"Current employee, more than 8 years","Mundra, Gujarat",Good working always nice company,Very good working best product,Show more
5.0,8 Sept 2020,Adani ports,https://www.glassdoor.co.in/Reviews/Employee-Review-Adani-Ports-and-Special-Economic-Zone-Limited-APSEZ-RVW35737214.htm,Associate manager,Current employee,Ahmedabad,Good company to work with,No cons to specify about,Show more
3.0,18 Oct 2020,Good company for launching career,https://www.glassdoor.co.in/Reviews/Employee-Review-Adani-Ports-and-Special-Economic-Zone-Limited-APSEZ-RVW37296800.htm,Senior engineer,"Former employee, more than 1 year","Mundra, Gujarat",,,
3.0,21 Jan 2021,Worst Employer,https://www.glassdoor.co.in/Reviews/Employee-Review-Adani-Ports-and-Special-Economic-Zone-Limited-APSEZ-RVW41171228.htm,Senior engineer,"Former employee, more than 3 years",Chennai,,,
5.0,6 Apr 2021,Good,https://www.glassdoor.co.in/Reviews/Employee-Review-Adani-Ports-and-Special-Economic-Zone-Limited-APSEZ-RVW45128065.htm,Senior engineer e & i,Current employee,Nellore,,,
4.0,28 Sept 2021,Nice job,https://www.glassdoor.co.in/Reviews/Employee-Review-Adani-Ports-and-Special-Economic-Zone-Limited-APSEZ-RVW53198487.htm,Senior engineer,"Current employee, more than 1 year","Mundra, Gujarat",,,
3.0,4 Sept 2017,Review,https://www.glassdoor.co.in/Reviews/Employee-Review-Adani-Ports-and-Special-Economic-Zone-Limited-APSEZ-RVW16661985.htm,Anonymous employee,Current employee,,,,
4.0,29 Jul 2018,Working environment,https://www.glassdoor.co.in/Reviews/Employee-Review-Adani-Ports-and-Special-Economic-Zone-Limited-APSEZ-RVW21712190.htm,Anonymous employee,Current employee,,,,
3.0,17 Jun 2019,Salary,https://www.glassdoor.co.in/Reviews/Employee-Review-Adani-Ports-and-Special-Economic-Zone-Limited-APSEZ-RVW27465054.htm,Dgm,"Current employee, more than 5 years",,good with decent systems in place,"slow growth, but otherwise all ok",Show more
5.0,21 Jun 2019,H,https://www.glassdoor.co.in/Reviews/Employee-Review-Adani-Ports-and-Special-Economic-Zone-Limited-APSEZ-RVW27527939.htm,Anonymous intern,Current intern,,,,
3.0,13 Aug 2020,Very good company,https://www.glassdoor.co.in/Reviews/Employee-Review-Adani-Ports-and-Special-Economic-Zone-Limited-APSEZ-RVW34902836.htm,Executive engineer,"Former employee, less than 1 year","Mundra, Gujarat",,,
3.0,16 Sept 2020,Good opportunities,https://www.glassdoor.co.in/Reviews/Employee-Review-Adani-Ports-and-Special-Economic-Zone-Limited-APSEZ-RVW36034695.htm,Program manager,"Current employee, more than 1 year",Ahmedabad,,,
5.0,2 Jan 2022,good,https://www.glassdoor.co.in/Reviews/Employee-Review-Adani-Ports-and-Special-Economic-Zone-Limited-APSEZ-RVW57317262.htm,Assistant manager,Current employee,Ahmedabad,,,
3.0,23 Sept 2020,Bad Experience,https://www.glassdoor.co.in/Reviews/Employee-Review-Adani-Ports-and-Special-Economic-Zone-Limited-APSEZ-RVW36280897.htm,Anonymous employee,Former employee,,Township is good with many facility,"Long working hours
Bad working condition",Show more
4.0,16 Jan 2021,good,https://www.glassdoor.co.in/Reviews/Employee-Review-Adani-Ports-and-Special-Economic-Zone-Limited-APSEZ-RVW40834597.htm,Assistant manager,Current employee,,,,
4.0,14 Feb 2021,Assistant manager,https://www.glassdoor.co.in/Reviews/Employee-Review-Adani-Ports-and-Special-Economic-Zone-Limited-APSEZ-RVW42491155.htm,Assistant manager,"Former employee, more than 3 years","Mundra, Gujarat",,,
2.0,13 Dec 2021,Na,https://www.glassdoor.co.in/Reviews/Employee-Review-Adani-Ports-and-Special-Economic-Zone-Limited-APSEZ-RVW56617586.htm,Anonymous employee,Former employee,,,,
3.0,27 Aug 2018,Good,https://www.glassdoor.co.in/Reviews/Employee-Review-Adani-Ports-and-Special-Economic-Zone-Limited-APSEZ-RVW22175258.htm,Anonymous employee,"Former employee, more than 8 years","Mundra, Gujarat",,,
4.0,1 Sept 2021,Manager,https://www.glassdoor.co.in/Reviews/Employee-Review-Adani-Ports-and-Special-Economic-Zone-Limited-APSEZ-RVW51943350.htm,Anonymous employee,"Current employee, more than 3 years",,,,
1.0,1 May 2021,Worst place to work,https://www.glassdoor.co.in/Reviews/Employee-Review-Adani-Ports-and-Special-Economic-Zone-Limited-APSEZ-RVW46325764.htm,Senior engineer,"Current employee, more than 1 year",,,,
1.0,17 Nov 2018,Pay review,https://www.glassdoor.co.in/Reviews/Employee-Review-Adani-Ports-and-Special-Economic-Zone-Limited-APSEZ-RVW23458247.htm,Anonymous employee,"Current employee, more than 3 years",Mundra Bandar,,,
1.0,28 Jan 2021,Toxic workculture,https://www.glassdoor.co.in/Reviews/Employee-Review-Adani-Ports-and-Special-Economic-Zone-Limited-APSEZ-RVW41581111.htm,Senior engineer,Former employee,"Mundra, Gujarat",It's a stable and secure job,"Toxic work culture
Remote location
60-hr work weeks",Show more
5.0,1 Jul 2024,Great,https://www.glassdoor.co.in/Reviews/Employee-Review-Adani-Ports-and-Special-Economic-Zone-Limited-APSEZ-RVW88751674.htm,Software engineer,Current employee,Dhaka,,,
3.0,11 Feb 2023,"Great Company to Learn, Not so great to Grow.",https://www.glassdoor.co.in/Reviews/Employee-Review-Adani-Ports-and-Special-Economic-Zone-Limited-APSEZ-RVW73538115.htm,Senior officer,Former employee,,"# Integrated port and terminal facilities, unlike traditional land lord port + private operators model provides a holistic and 360 degree opportunity to learn and experience port operations in its entirety. # I4.0 tech incorporation and customization with existing proprietary software especially in Liquid Terminal-Hazira Port is pioneering in its own right. # Highly challenging job which demands performance.",# 12 hours shift - 8 hours pay. Blatant exploitation. # Deep inroads and dirty politics. Stereotypical family business. # No appreciation for employees. Management disinterested.,Show more
4.0,12 Sept 2022,Analytics Team,https://www.glassdoor.co.in/Reviews/Employee-Review-Adani-Ports-and-Special-Economic-Zone-Limited-APSEZ-RVW68978269.htm,Anonymous intern,"Former intern, less than 1 year",,,,
5.0,17 Jun 2022,Great hands-on Learning Experience,https://www.glassdoor.co.in/Reviews/Employee-Review-Adani-Ports-and-Special-Economic-Zone-Limited-APSEZ-RVW65675865.htm,Electrical engineer intern,"Former intern, less than 1 year",,,,
3.0,23 Dec 2016,Decent company,https://www.glassdoor.co.in/Reviews/Employee-Review-Adani-Ports-and-Special-Economic-Zone-Limited-APSEZ-RVW13093901.htm,Senior engineer,"Current employee, less than 1 year","India, TX","Hierarchy is less with Adani Managers, 
Easy to go with company. Can explore more opportunities since business is growing exponentially with suitable infrastructure so in basic you get all sorts of exposure and relevant knowledge.","Less salary, saturdays working , politics to a extend, no proper work culture unlike mundra, no proper job description, no proper job allocation, poor planning. Culture similar to mundra and hazira should be implemented in all ports.",Show more
5.0,11 Oct 2020,India's International Company,https://www.glassdoor.co.in/Reviews/Employee-Review-Adani-Ports-and-Special-Economic-Zone-Limited-APSEZ-RVW37020927.htm,Customer logistics manager,Current employee,Dubai,"Work culture, International approach, Futuristic decisionmaking process.","They should follow 5 day week as they are an International brand, in keeping with Global Best Practices.",Show more
5.0,4 Jan 2021,Worked on Computer Vision  Technology,https://www.glassdoor.co.in/Reviews/Employee-Review-Adani-Ports-and-Special-Economic-Zone-Limited-APSEZ-RVW40065645.htm,Deep learning,Former intern,Budapest,"1. Lots of learning opportunities.
2. Positive Environment.",None at the level of interhsip,Show more
3.0,19 Jun 2019,Rtg operator,https://www.glassdoor.co.in/Reviews/Employee-Review-Adani-Ports-and-Special-Economic-Zone-Limited-APSEZ-RVW27493690.htm,Rtg rmg and armg operator,"Current contractor, more than 5 years","Abu Dhabi, Abu Dhabi",Near to my home town,Low salary need good and best salary,Show more
1.0,14 Jan 2021,Operations department at Adani Dhamra is a living nightmare.,https://www.glassdoor.co.in/Reviews/Employee-Review-Adani-Ports-and-Special-Economic-Zone-Limited-APSEZ-RVW40749116.htm,Assistant manager,"Current employee, more than 1 year",Dhāmra,"Salary on time. 
Company provides uniform.","No rest 24*7 job
Management will mentally harass and use abusive language
No fixed working hours
Total lack of system",Show more