review-details_overallRating__VDxCx,timestamp_reviewDate__wvu2v,review-details_detailsLink__NxIv5,review-details_detailsLink__NxIv5 href,review-details_employee__5iA6v,review-details_employeeDetails__BvAwX,review-details_location__E_Ine,review-details_isExpanded__bLJng,review-details_isExpanded__bLJng 2,review-details_isCollapsed__Bsg_9,review-details_isCollapsed__Bsg_9 2,expand-button_ExpandButton__FlBlZ
5.0,8 Aug 2024,Good Environment,https://www.glassdoor.co.in/Reviews/Employee-Review-Ambuja-Cements-RVW89898070.htm,Technical support engineer,Former employee,Calcutta,All good and supportive environment,"No cons at all, just appraisal",,,
4.0,28 Aug 2024,Ambuja cement,https://www.glassdoor.co.in/Reviews/Employee-Review-Ambuja-Cements-RVW90505065.htm,Manager,Current employee,,Good company to work there,excessive corporate culture puzells the employee,,,
4.0,19 Aug 2024,Nice company,https://www.glassdoor.co.in/Reviews/Employee-Review-Ambuja-Cements-RVW90204565.htm,Environment officer,Current employee,Mumbai,,,Yes it is good company,It is good opportunities in company,Show more
5.0,8 Aug 2024,review and my experience,https://www.glassdoor.co.in/Reviews/Employee-Review-Ambuja-Cements-RVW89896811.htm,Hr manager,Former employee,"Gurgaon, Haryana",Very good experience and overview,"none, all was good during my stint",,,
3.0,8 Aug 2024,Hectic work,https://www.glassdoor.co.in/Reviews/Employee-Review-Ambuja-Cements-RVW89914949.htm,Assistant manager,"Current employee, more than 1 year",Pune,,,"Timings are good 
New job responsibilities","Work life balance 
No bonus and incentive",Show more
1.0,31 Jul 2024,Worst job,https://www.glassdoor.co.in/Reviews/Employee-Review-Ambuja-Cements-RVW89680192.htm,Customer service executive,"Current employee, less than 1 year","Hamīrpur, Himachal Pradesh",,,"Salary is good but pressure is more than you think, As of this role you have to deal with dealer ,tse ,tso and provide extra services too , that enough to make your hair whiter before your actual age","Worst worst worst job , company will have to must improve there policies in this regard",Show more
5.0,20 Jul 2024,Ambuja Cements Sales,https://www.glassdoor.co.in/Reviews/Employee-Review-Ambuja-Cements-RVW89326030.htm,Sales,"Former employee, more than 1 year",New Delhi,Compensation amount is hefty and bonuses as well,Pressure during peak season time,,,
5.0,16 Jul 2024,Reputed Company,https://www.glassdoor.co.in/Reviews/Employee-Review-Ambuja-Cements-RVW89188724.htm,Stores manager,"Current employee, more than 10 years",Sānkrāil,,,It's a 2nd largest cement company in india.,None of cons here .,Show more
5.0,3 Jul 2024,Excellent place to work,https://www.glassdoor.co.in/Reviews/Employee-Review-Ambuja-Cements-RVW88834652.htm,Engineer,"Current employee, more than 1 year",Mumbai,"good learning, guidance by senior, good salary work life balance",nearly nil every company has cons but this has minimal issues,,,
1.0,14 Jul 2024,Not ideal to work if you’re in sales & marketing profile,https://www.glassdoor.co.in/Reviews/Employee-Review-Ambuja-Cements-RVW89134123.htm,Assistant manager,"Current employee, more than 1 year",Basti,,,Handsome salary and other perks,"Too much work pressure, no personal life.",Show more
4.0,22 May 2024,It was very good,https://www.glassdoor.co.in/Reviews/Employee-Review-Ambuja-Cements-RVW87541803.htm,Pharmacist,Current contractor,,,,Everything was good. All staff were always help to his employees.,Never team leader was take the responsibility.,Show more
4.0,26 May 2024,Nice facilities,https://www.glassdoor.co.in/Reviews/Employee-Review-Ambuja-Cements-RVW87653414.htm,Deputy manager,"Former employee, more than 10 years","Chandrapur, Maharashtra",Time to time salary and good accommodation,High work load and slow growth,,,
5.0,24 May 2024,Good company to work with,https://www.glassdoor.co.in/Reviews/Employee-Review-Ambuja-Cements-RVW87606956.htm,Legal manager,Former contractor,,"Great people, good exposure, Opportunities",No cons as such in the company,,,
5.0,16 May 2024,Work environment,https://www.glassdoor.co.in/Reviews/Employee-Review-Ambuja-Cements-RVW87342295.htm,Agm-engineering and commissioining,"Current employee, more than 10 years",Malkangiri,,,"Competitive and result oriented, managed by professionals.",Core value of safety and wellness sometimes get over work.,Show more
5.0,16 May 2024,Good opportunity,https://www.glassdoor.co.in/Reviews/Employee-Review-Ambuja-Cements-RVW87333925.htm,Sr. sales officer,"Current employee, more than 1 year",Bhubaneshwar,,,"Salary on time
Good increments","Sometimes, sales pressure is a little too much.",Show more
4.0,9 May 2024,Good working environment,https://www.glassdoor.co.in/Reviews/Employee-Review-Ambuja-Cements-RVW87128357.htm,Sr officer,Former employee,,Safety precautions are highly appreciable.,Job insecurity and uneven management criteria.,,,
2.0,19 Apr 2024,Not satisfied,https://www.glassdoor.co.in/Reviews/Employee-Review-Ambuja-Cements-RVW86475136.htm,Assistant manager,"Current employee, more than 1 year",Bhātāpāra,Provide accommodations at few locations,"Job stability is not there, work culture, Remote locations",,,
4.0,10 Apr 2024,Good company to work with,https://www.glassdoor.co.in/Reviews/Employee-Review-Ambuja-Cements-RVW86177434.htm,Technical services engineer,"Current employee, more than 3 years",Calcutta,,,Salary and benefare good enough,Nothing as such it is a good company,Show more
3.0,28 Mar 2024,Pricing and Planning Strategy,https://www.glassdoor.co.in/Reviews/Employee-Review-Ambuja-Cements-RVW85810949.htm,Pricing analyst,"Former employee, more than 5 years","Gurgaon, Haryana",,,"Flexible timing
Brand Name
Learning Opportunity","No growth
WORK on all day's",Show more
3.0,3 Feb 2024,Territory sales officer,https://www.glassdoor.co.in/Reviews/Employee-Review-Ambuja-Cements-RVW84021307.htm,Territory sales officer,Current employee,,,,"Earlier it was a very good organisation when it was under holcim but after
Management change it is not a very
Unstable organisation in bihar.",After management change organisation is not as good as it was earlier.,Show more
5.0,17 Jul 2023,company,https://www.glassdoor.co.in/Reviews/Employee-Review-Ambuja-Cements-RVW78308934.htm,Field officer,"Current employee, more than 3 years","Batāla, Punjab",,,"Ambuja Cement is known for its strength and durability, making it suitable for construction of strong buildings and structures. It has a low heat of hydration, which means it produces less heat during the curing process, reducing the risk of cracks in the structure. The brand has a good reputation in the market and is widely available across the country. Ambuja Cement has a wide range of products, including specialized cement for different applications, such as marine structures, high-rise buildings, and precast concrete.","The cost of Ambuja Cement is relatively higher compared to other brands of cement available in the market. The brand has faced criticism in the past for its environmental practices, including the use of non-renewable resources and pollution caused by its manufacturing processes. Some customers have reported issues with the quality and consistency of the cement, such as uneven curing and cracking in the structure.",Show more
4.0,20 Sept 2023,"Amazing company to work, good work culture",https://www.glassdoor.co.in/Reviews/Employee-Review-Ambuja-Cements-RVW80269862.htm,Assistant manager,Current employee,,,,"Employees are supportive, company management always asks if any support required to improve the market. A lot of opportunities are there.","Company used to give tours to the employees earlier along with channel parteners, but now it is restricted for employees. Work life balance part is deteriorating.",Show more
1.0,24 Jan 2024,Review,https://www.glassdoor.co.in/Reviews/Employee-Review-Ambuja-Cements-RVW83673300.htm,Assistant manager,"Current employee, more than 3 years",Calcutta,,,"Nothing is going currently, everything needs to change","Everything right now, need a lots of changes",Show more
5.0,25 Aug 2023,SUITABLE POST IN FIRST CLASS MINES MANAGER,https://www.glassdoor.co.in/Reviews/Employee-Review-Ambuja-Cements-RVW79481688.htm,Manager - mines,Current employee,,,,My objective is to be a successful & distinguished engineer in the challenging & self satisfactory professional environment with a giant to learn continuously. My innovative ideas & thought will help me to create a new dimension in my profession,"I introduce myself as a Mining Engineer Graduate. Presently I am working as a Manager ( Mines) in Ambuja Cement Ltd. Darlaghat Distt., (Solan) and actively involved in carrying Drilling, Blasting, Development, and Production.",Show more
4.0,1 Dec 2023,overall good,https://www.glassdoor.co.in/Reviews/Employee-Review-Ambuja-Cements-RVW82238256.htm,Senior engineer,"Former employee, more than 3 years",Bhātāpāra,Best place at that time,Nothing need to improve work life balance,,,
3.0,10 Nov 2023,Working culture,https://www.glassdoor.co.in/Reviews/Employee-Review-Ambuja-Cements-RVW81728266.htm,Mechanical engineer,"Former employee, more than 3 years",Mumbai,Good Environment and developing the skills.,Overall Good in working with the company,,,
1.0,31 Oct 2023,Worst Company,https://www.glassdoor.co.in/Reviews/Employee-Review-Ambuja-Cements-RVW81414466.htm,shift incharge,"Former employee, less than 1 year",Kodīnar,,,"There are no pros .There is no zero rating, otherwise I would have given zero ratings.","Everywhere there are politics ,even workers are involved in politics. No respect for the employers. Upper management members are filled with egoist persons.",Show more
2.0,10 Oct 2023,WORST WORK LIFE BALANCE AND COMPENSATION STRUCTURE,https://www.glassdoor.co.in/Reviews/Employee-Review-Ambuja-Cements-RVW80815944.htm,Deputy manager,"Former employee, more than 1 year",Purba Medinipur,,,Brand name was the main reason for opting it,Very poor compensation structure and no work life balance,Show more
4.0,26 Oct 2023,Good place to work,https://www.glassdoor.co.in/Reviews/Employee-Review-Ambuja-Cements-RVW81290658.htm,Management trainee,Current employee,Calcutta,Filed knowledge from team leads,Not open to cross division discussions,,,
1.0,8 Nov 2023,Worst experience ever,https://www.glassdoor.co.in/Reviews/Employee-Review-Ambuja-Cements-RVW81642066.htm,Dgm finance,"Former employee, less than 1 year",Ahmedabad,,,Nothing worst work culture not recommended to work,Bosses are very rude No work life balance Worst working conditions,Show more
5.0,8 Oct 2023,Good Learning,https://www.glassdoor.co.in/Reviews/Employee-Review-Ambuja-Cements-RVW80769773.htm,Operations,"Former employee, more than 1 year",Mumbai,"Good Learning Experience, Supportive Work Environment",Pay Could be slightly better,,,
2.0,11 Sept 2023,Company Characteristic,https://www.glassdoor.co.in/Reviews/Employee-Review-Ambuja-Cements-RVW79936930.htm,"Sr manager, maintenance","Current employee, more than 10 years","Chandrapur, Maharashtra",,,Medium level work environment - neither excellent nor pathetic,New management after Adani takeover is insensitive to employees,Show more
4.0,13 Jul 2023,Highly System driven company,https://www.glassdoor.co.in/Reviews/Employee-Review-Ambuja-Cements-RVW78214206.htm,Maintenance,Current employee,,,,1. Company has robust structure for every function 2. There is lot to learn in the company 3. Company is heading towards achieving higher efficiencies 4. Company is 100% legally compliant.,1. Performance management system could have been better 2. Focus towards career growth of employees need to be strengthened,Show more
2.0,6 Oct 2022,underpaid,https://www.glassdoor.co.in/Reviews/Employee-Review-Ambuja-Cements-RVW69868138.htm,Graduate engineering trainee get,"Current employee, more than 3 years",Mandwa,,,regular maintainance job so get time to do enough along with job. No new challanges in daily routine. Relaxed job.government job.,"underpaid till adani overtakes it.
Discriminated between local workers and outstation workers.
very rare IIT( indian institute of technology) talent in your company and there is no sense of intrapreneurship in company.",Show more
4.0,9 Sept 2023,Site Engineer,https://www.glassdoor.co.in/Reviews/Employee-Review-Ambuja-Cements-RVW79905278.htm,"Civil engineer, site engineer","Former employee, more than 1 year",Calcutta,Good working culture is there,not that much of a cons,,,
3.0,1 Sept 2023,Average Salary,https://www.glassdoor.co.in/Reviews/Employee-Review-Ambuja-Cements-RVW79696777.htm,Graduate engineering trainee get,Former employee,Bhātāpāra,Food and accommodation were inclusive,Remote location was a problem,,,
1.0,19 Oct 2023,not good,https://www.glassdoor.co.in/Reviews/Employee-Review-Ambuja-Cements-RVW81111489.htm,Medical officer,"Former employee, more than 1 year",Jalpāiguri,nothing good about it at all,everything was bad about it,,,
3.0,16 Aug 2023,Sales,https://www.glassdoor.co.in/Reviews/Employee-Review-Ambuja-Cements-RVW79184903.htm,Asm (area sales manager),Current employee,Ahmedabad,Good salary and benefits Learning,365 days working even u r on leave or sunday,,,
3.0,17 Jul 2023,Average,https://www.glassdoor.co.in/Reviews/Employee-Review-Ambuja-Cements-RVW78319163.htm,Marketing executive,"Former employee, more than 3 years","Gurgaon, Haryana",Will learn a lot in the cement industry,"No work life balance, will treat you like machine",,,
3.0,27 May 2023,Not a bad place to work,https://www.glassdoor.co.in/Reviews/Employee-Review-Ambuja-Cements-RVW76843815.htm,Assistant manager,"Former employee, more than 8 years",,,,"Good policies for employees and their families, Your work life balance depends on the nature of HOD you get to work with.","Local level office politics is more, localite HOD'S prefer their own localised persons for giving annual increment.",Show more
4.0,16 Jul 2023,Work culture is eco-friendly.,https://www.glassdoor.co.in/Reviews/Employee-Review-Ambuja-Cements-RVW78307804.htm,District officer,"Current employee, more than 1 year",Nānded,Best organisation for entry level,Working hours are very long,,,
3.0,17 Jun 2023,not well,https://www.glassdoor.co.in/Reviews/Employee-Review-Ambuja-Cements-RVW77462991.htm,Anonymous intern,Current intern,,,,to run bussiness work every day,jobs vacancy should increase it.,Show more
5.0,19 May 2023,Excellent policies,https://www.glassdoor.co.in/Reviews/Employee-Review-Ambuja-Cements-RVW76607264.htm,Territory sales manager,"Current employee, more than 3 years",Chandigarh,,,Good environment in the company working,Timing flexibility in the working time,Show more
5.0,19 May 2023,Company is good,https://www.glassdoor.co.in/Reviews/Employee-Review-Ambuja-Cements-RVW76591523.htm,"Assistant manager, e&i, pellet",Current employee,,Good work culture at AMBUJA.,No cons applicable at ambuja,,,
3.0,24 Apr 2023,I found the work good.,https://www.glassdoor.co.in/Reviews/Employee-Review-Ambuja-Cements-RVW75767253.htm,Business development associate,Former employee,Noida,Good salary and good bosses to work with.,Long working hours many a times.,,,
5.0,22 Mar 2023,Working with challanging & changing environment.,https://www.glassdoor.co.in/Reviews/Employee-Review-Ambuja-Cements-RVW74756199.htm,Senior safety officer,Current employee,,,,My company provides scope of improvement and chance of taking challange.,More transperancy for employees welfare policy will improve compianes performance,Show more
5.0,26 Mar 2023,Good co,https://www.glassdoor.co.in/Reviews/Employee-Review-Ambuja-Cements-RVW74892033.htm,Head of finance,"Former employee, more than 8 years",Mumbai,,,good co to work and freedom culture,nothing to mention negtive about co culture during Holcim,Show more
4.0,17 Feb 2023,Company has good exposure but salary is low,https://www.glassdoor.co.in/Reviews/Employee-Review-Ambuja-Cements-RVW73726294.htm,Deputy manager sales,"Current employee, more than 5 years",Mumbai,,,You get wide exposure if you are in the right place with right team,Salary is low as per work,Show more
5.0,26 Mar 2023,Great Company,https://www.glassdoor.co.in/Reviews/Employee-Review-Ambuja-Cements-RVW74883969.htm,General management,Current employee,,Culture of inclusivity and great place to work,Nothing specific to be commented on.,,,
4.0,14 Mar 2023,Good,https://www.glassdoor.co.in/Reviews/Employee-Review-Ambuja-Cements-RVW74508380.htm,Graduate engineer trainee,"Current employee, less than 1 year",Marwar Junction,,,Good environment & Payscale. Good accomodation,"Working hours is not fixed, remote location",Show more
4.0,18 Dec 2022,Good company with average pay and lacking in vertical growth in most of the departments,https://www.glassdoor.co.in/Reviews/Employee-Review-Ambuja-Cements-RVW71958429.htm,Assistant technical service manager,"Current employee, more than 5 years",South Twenty Four Parganas,,,Brand Value & Pioneer in cement,Vertical growth is very slow in all departments ( specially technical services ) as company is completely sales centric,Show more
4.0,25 Feb 2023,Good Company,https://www.glassdoor.co.in/Reviews/Employee-Review-Ambuja-Cements-RVW73967820.htm,"Manager, internal audit","Former employee, more than 3 years",Calcutta,,,"Good Hands on experience, good working environment.",Internal politics. Nothing much other than that.,Show more
3.0,24 Feb 2023,Good company,https://www.glassdoor.co.in/Reviews/Employee-Review-Ambuja-Cements-RVW73937163.htm,Senior executive,"Former employee, less than 1 year",Sonipat,Employee centric organization. Good renumerations.,Work life balance is terrible.,,,
4.0,2 Dec 2022,Good place to work,https://www.glassdoor.co.in/Reviews/Employee-Review-Ambuja-Cements-RVW71576984.htm,Asst manager,"Current employee, more than 10 years",,,,"Good learning opportunities, people are very nice","Nothing downside , everything is good for hard workng people",Show more
5.0,20 Dec 2022,Best company,https://www.glassdoor.co.in/Reviews/Employee-Review-Ambuja-Cements-RVW72014800.htm,Human resources,"Former intern, less than 1 year",Kodīnar,,,Environment Reliable Best products Competitive Employee Retention,Nothing As Such No Cons,Show more
4.0,22 Nov 2022,Financial analyst,https://www.glassdoor.co.in/Reviews/Employee-Review-Ambuja-Cements-RVW71299222.htm,Manager finance,"Current employee, more than 5 years",Navi Mumbai,,,Pay on time Open environment Good pay scale,Work pressure Work life balance,Show more
5.0,5 Dec 2022,Good,https://www.glassdoor.co.in/Reviews/Employee-Review-Ambuja-Cements-RVW71643018.htm,Assistant manager,Current employee,Mumbai,,,Very Good Very Good Good,Nothing Nothing Nothing Nothing Nothing,Show more
3.0,17 Nov 2022,Exploring for better Career opportunities,https://www.glassdoor.co.in/Reviews/Employee-Review-Ambuja-Cements-RVW71177025.htm,Assistant manager,Current employee,,,,Employee Centric Good Brand Value,Uncertainty No growth opportunities Not very friendly,Show more
4.0,23 Oct 2022,Social science Teacher,https://www.glassdoor.co.in/Reviews/Employee-Review-Ambuja-Cements-RVW70427334.htm,Tgt social science,"Former employee, more than 5 years","Raipur, Chhattisgarh",,,Good growth guidance helpful enjoyable work culture,Remote area village location facilities unavailable,Show more
3.0,29 Oct 2022,Deputy Manager,https://www.glassdoor.co.in/Reviews/Employee-Review-Ambuja-Cements-RVW70610515.htm,Deputy manager,"Current employee, more than 10 years",,,,"Good location, growth, connectivity, colony,",It distance is more from my native place.,Show more
4.0,9 Nov 2022,Working at Ambuja,https://www.glassdoor.co.in/Reviews/Employee-Review-Ambuja-Cements-RVW70943931.htm,"Sr manager, finance","Former employee, more than 3 years",,Great place to work for everyone,Nothing to mention in cons,,,
5.0,5 Sept 2022,Job Profile,https://www.glassdoor.co.in/Reviews/Employee-Review-Ambuja-Cements-RVW68740707.htm,Senior manager controlling,Current employee,,,,"Good Platform to learn , I learned lot in ambuja cements  like sap ,reporting formats , We have a good and structured format of report",By job rotation i could have learned more in different horizontal department,Show more
4.0,26 Oct 2022,Sales,https://www.glassdoor.co.in/Reviews/Employee-Review-Ambuja-Cements-RVW70510672.htm,Manager,Former employee,,Good learning support of seniors is good.,Nothing to dislike everything is perfect,,,
4.0,22 Sept 2022,Can be summarised as a good place to work,https://www.glassdoor.co.in/Reviews/Employee-Review-Ambuja-Cements-RVW69339434.htm,Officer,"Current employee, more than 3 years",Mumbai,"Helping people, great office, great bonus, great performance.",Salary is average and hikes are a little below average,,,
4.0,20 Sept 2022,Health and Safety professional,https://www.glassdoor.co.in/Reviews/Employee-Review-Ambuja-Cements-RVW69234691.htm,Senior engineer,"Current employee, less than 1 year",Kodīnar,,,"Good organization to work , People are friendly",No value for qualification Certificates etc.,Show more
4.0,26 Sept 2022,Features,https://www.glassdoor.co.in/Reviews/Employee-Review-Ambuja-Cements-RVW69467182.htm,Assistant manager,Current employee,,,,"Depending on location, market vary
Provide well Knowledge","Politics, issues with work life balance in some departments",Show more
5.0,30 Aug 2022,Best place to work,https://www.glassdoor.co.in/Reviews/Employee-Review-Ambuja-Cements-RVW68521061.htm,Manager human resources,"Current employee, more than 10 years",New Delhi,,,"Conducive work culture
Freedom to take initiatives and grow
Transparent and fair Practices
World class benefit policies","Too much paper work,less focus on digitisation",Show more
1.0,12 Dec 2022,bad,https://www.glassdoor.co.in/Reviews/Employee-Review-Ambuja-Cements-RVW71788184.htm,Manager,"Former employee, less than 1 year",,none i can think of,"toxic wok culture, no training",,,
3.0,29 Aug 2022,Hectic if in maintenance,https://www.glassdoor.co.in/Reviews/Employee-Review-Ambuja-Cements-RVW68469477.htm,Assistant manager,"Current employee, more than 3 years",,In cement sector it is better company to work with compared to others,Work life balance is hampered if in maintenance,,,
5.0,9 Sept 2022,Best place to develop skills,https://www.glassdoor.co.in/Reviews/Employee-Review-Ambuja-Cements-RVW68872716.htm,Anonymous intern,"Former intern, less than 1 year",Panchkula,"great working enviornment, supporting mentors",there are no cons here,,,
2.0,1 Sept 2022,Environment,https://www.glassdoor.co.in/Reviews/Employee-Review-Ambuja-Cements-RVW68626131.htm,Graduate engineering trainee get,Former employee,Bhātāpāra,,,"- Offer accommodation
- Policies are good and reliable","- Poor Work environment
- Lack of employees",Show more
5.0,25 Aug 2022,Operations,https://www.glassdoor.co.in/Reviews/Employee-Review-Ambuja-Cements-RVW68355108.htm,General manager,"Current employee, more than 3 years",Gujrāt,,,Good learning culture and work environment,Delayed decisions in implementing strategy,Show more
5.0,4 Jun 2022,Engineers in Ambuja,https://www.glassdoor.co.in/Reviews/Employee-Review-Ambuja-Cements-RVW65083111.htm,Engineer,"Current employee, more than 3 years",,,,Exposure of technical knowledge due to directly working on equipment and good people around,Growth opportunity is very less even if you are star performer and capable of handling section you have to wait for being aged,Show more
5.0,3 Aug 2022,Nice companu,https://www.glassdoor.co.in/Reviews/Employee-Review-Ambuja-Cements-RVW67474090.htm,Sales executive,"Current employee, less than 1 year",,All good about this company,Incentive policy could be better,,,
3.0,12 Jul 2022,Good Company with challenging jobs,https://www.glassdoor.co.in/Reviews/Employee-Review-Ambuja-Cements-RVW66605377.htm,Hse officer,"Current employee, more than 3 years",Mumbai,,,"Challenging jobs
Free accommodation
Good healthcare and social club facilities",Dust all over the plant,Show more
5.0,5 Jul 2022,Good Company,https://www.glassdoor.co.in/Reviews/Employee-Review-Ambuja-Cements-RVW66342198.htm,Anonymous intern,"Current intern, less than 1 year",,,,Learning Experience is great here,No cons so far here,Show more
4.0,17 Jun 2022,Good culture,https://www.glassdoor.co.in/Reviews/Employee-Review-Ambuja-Cements-RVW65657253.htm,Territory sales officer,"Former employee, more than 1 year",,,,Employee pro/ Good working culture/ diversity culture.,Low salary & benefits/ Employee expenses and bonuses are too low,Show more
3.0,6 Jun 2022,Good company to work with,https://www.glassdoor.co.in/Reviews/Employee-Review-Ambuja-Cements-RVW65136520.htm,S&op leader,Current employee,,,,"Fast paced growth 
Agility of response to market change","Work life balance
People development
Team building",Show more
5.0,15 May 2022,Great Place to Work,https://www.glassdoor.co.in/Reviews/Employee-Review-Ambuja-Cements-RVW64177939.htm,Anonymous employee,Current employee,,Great Place to work .Opportunity to rise,Work life balance to be improve depends on nature of Job you are involved,,,
4.0,21 May 2022,Good place to work,https://www.glassdoor.co.in/Reviews/Employee-Review-Ambuja-Cements-RVW64470132.htm,Technical services engineer,"Current employee, more than 3 years",Guwahati,,,"Senior support.
Appreciation of efforts.
Good brand pull.
Learning & development gets taken care of.","Poor HR involvement
Poor work life balance",Show more
5.0,2 Jun 2022,Good,https://www.glassdoor.co.in/Reviews/Employee-Review-Ambuja-Cements-RVW64996009.htm,Anonymous employee,"Current employee, more than 5 years",,Good for learning - cement products,boring- Same work at all level,,,
4.0,2 May 2022,Ambuja was once a great company to work,https://www.glassdoor.co.in/Reviews/Employee-Review-Ambuja-Cements-RVW63538979.htm,Dy general manager,"Former employee, more than 10 years",New Delhi,,,Liberty to set targets & perform,Work culture has gone sea change.,Show more
4.0,7 May 2022,good,https://www.glassdoor.co.in/Reviews/Employee-Review-Ambuja-Cements-RVW63782643.htm,Maintenance engineer,Current employee,,good place to work at the every plant location,Problem due to dust in the plant,,,
3.0,22 Apr 2022,Not good,https://www.glassdoor.co.in/Reviews/Employee-Review-Ambuja-Cements-RVW63156058.htm,Graduate engineering trainee get,"Current employee, less than 1 year",,,,No any reason to work here.,All facilities are in low quality,Show more
4.0,30 Apr 2022,Nice,https://www.glassdoor.co.in/Reviews/Employee-Review-Ambuja-Cements-RVW63481759.htm,Anonymous employee,"Current employee, less than 1 year",,It's awesome to work with office staff,Nice concept of Ambuja Cement Ltd,,,
3.0,16 Apr 2022,Good for learning space,https://www.glassdoor.co.in/Reviews/Employee-Review-Ambuja-Cements-RVW62856831.htm,Assistant manager,"Current employee, more than 5 years","Gurgaon, Haryana",Exposure of different roles in a one function,Location Transfers without employees consent,,,
4.0,22 Mar 2022,Best company to work,https://www.glassdoor.co.in/Reviews/Employee-Review-Ambuja-Cements-RVW61608710.htm,Department head - operations,"Current employee, more than 8 years",New Delhi,"working Culture , Other hidden benefits , transperancy",Different verticals are creating problems many time because of different KPI's to achieve,,,
3.0,7 Apr 2022,Very nice,https://www.glassdoor.co.in/Reviews/Employee-Review-Ambuja-Cements-RVW62417057.htm,Manager,"Former employee, less than 1 year",,Learning opportunities are nice and growth opportunities are available.,Work life balance is not so good.,,,
3.0,5 Apr 2022,Work culture,https://www.glassdoor.co.in/Reviews/Employee-Review-Ambuja-Cements-RVW62300159.htm,Maintenance engineer,Current employee,Chandrapura,Great place to learn as a beginner,Work life balance is terrible in the plant areas,,,
5.0,30 Mar 2022,Good company to work,https://www.glassdoor.co.in/Reviews/Employee-Review-Ambuja-Cements-RVW62009286.htm,"Senior manager, finance","Current employee, more than 8 years",,,,"Work life balance
Good pay package",No such cons I have noticed,Show more
4.0,26 Mar 2022,WHRS Project Planner,https://www.glassdoor.co.in/Reviews/Employee-Review-Ambuja-Cements-RVW61823797.htm,Project controls manager,"Current employee, more than 1 year","Nāgaur, Rajasthan","Responsibility ownership, Multiple work experties","Workload in Project, HR facilities are less",,,
4.0,29 Mar 2022,na,https://www.glassdoor.co.in/Reviews/Employee-Review-Ambuja-Cements-RVW61985514.htm,Civil engineer,Current employee,,working time is not fixed,"no holidays everyday work, good experience",,,
5.0,11 Mar 2022,Always give my best services,https://www.glassdoor.co.in/Reviews/Employee-Review-Ambuja-Cements-RVW60971461.htm,Anonymous employee,"Current employee, more than 1 year",Mumbai,,,Best Service Center in mumai,best service center in mumbai,Show more
4.0,26 Feb 2022,Ambuja review,https://www.glassdoor.co.in/Reviews/Employee-Review-Ambuja-Cements-RVW60347111.htm,Anonymous employee,"Former employee, more than 5 years",,,,Learning platform is great and vast,Plant life is filled with a bit of bureaucratic views,Show more
5.0,30 Jan 2022,Learn to much in the 26 years long journeys with one arganization,https://www.glassdoor.co.in/Reviews/Employee-Review-Ambuja-Cements-RVW58811598.htm,Manager accounts,Current employee,Chandigarh,,,Given vast opportunity of learning,Meaningless work pressure from top management,Show more
5.0,22 Feb 2022,Very good,https://www.glassdoor.co.in/Reviews/Employee-Review-Ambuja-Cements-RVW60149422.htm,Vice president procurement,"Current employee, more than 8 years",Thāne,"Ethical and transparency, high growth company",Very much dependency on market conditions,,,
4.0,4 Feb 2022,ACL,https://www.glassdoor.co.in/Reviews/Employee-Review-Ambuja-Cements-RVW59141415.htm,Ambuja,"Current employee, more than 5 years",Dādri,good work culture work culture,"Instability in job, transferss Instability in job, transferss",,,
4.0,27 May 2016,Should give more focus on Learning and development,https://www.glassdoor.co.in/Reviews/Employee-Review-Ambuja-Cements-RVW10744627.htm,Assistant manager,Former employee,Mumbai,,,"I have wonderful start of my career with this company, it felt like home always. My new propositions were warmly encouraged by the senior management and I was kept highly motivated to bring innovation in the organisation. It offers you a promising career ahead, if you are willing to take challenges. There's no time restriction in this company, but your result matters a lot in your appraisal process. Rather being age of employees on higher side, but young guns are given freedom to do their style of working and are highly relied on even key projects.","There HR department is bit disappointing, They are high on planning side but some I feel their execution is not even 50% of their planning, there co-ordination with other departments regarding employee training and development is very poor. Employee has to struggle himself even to get to know whats going in the company and HR is not that much supportive many times regarding the development of the employee.",Show more
4.0,8 Mar 2010,A MUST FOR EVERY CEMENT COMPANT EMPLOYEE,https://www.glassdoor.co.in/Reviews/Employee-Review-Ambuja-Cements-RVW424960.htm,Senior engineer,Current employee,Mumbai,,,"A) good environment to work
B) A whole lot of flexibility and free hand exposure to new arenas.
C) A very good training prog for each cadre of employee
D) Communication is very smooth and transparent
E) Fairly good chances for recognition and promotions
F) Good projects in hands and a very bright sunny future ahead.
H) Very good technical support and financial advisories from Holcim.","a) Junior employees are pretty bad in shape. Needs motivation and technical support.
b) A must check on salary structure. Should be improved and shd raise the salary bar in Indian Cement companies / environment",Show more
4.0,20 Sept 2016,Good,https://www.glassdoor.co.in/Reviews/Employee-Review-Ambuja-Cements-RVW12001317.htm,Engineer- civil,"Former employee, more than 1 year",Sānkrāil,,,"Good exposure of mechanical , chemical and E&I engineers . Training is world class. When it comes to cement industry I would rank Ambuja Cement as No 2 in India in terms of innovation. Despite many cons, Ambuja Cement is leader in Occupational Health & Safety.",Undergoing organisational change after merger with Cement Giant Holcim Lafarge. Huge resistant towards change and lack of job security for many employee. There is no place for intelligent people in cement industry atleast at functional level.,Show more
1.0,7 Aug 2021,Lala Company,https://www.glassdoor.co.in/Reviews/Employee-Review-Ambuja-Cements-RVW50826652.htm,Mechanical engineer,"Former employee, more than 1 year",New Delhi,,,"It is just a brand name to work for. The cement is good, just because the quality of mines is good.

1-2 manages were good, because of which, stayed there for a year and half.","1) The hiring panel projected a very highy package and in realy you barely get penuts in hand. 

2) Most managers and high ranking officials are related to thermal plant heads (Fly ash suppliers). They are incompetent. 

3) Culture is bad! Very Bad!!

4) Safety regulations are just in papers. You often see drunk / smoking managers in plant premises. They do not have any sense of speaking to any one. 

5) HR is not welcoming to suggestions. They even refused to give experience letter in required format. Had to write to Delhi office to get one. 

6) Just 1 and half year of misery in remote locations and terrible accomodation.",Show more
3.0,15 Jan 2016,Nothing exciting yet not so bad either,https://www.glassdoor.co.in/Reviews/Employee-Review-Ambuja-Cements-RVW9206400.htm,Assistant manager,Current employee,Mumbai,,,"Good place to work for people with mediocre expectations from life. Work pressure is not too much, and pay is also not too much. The exposure and freedom to work is medium.",Slow moving and indecisive. Average age of employees is 40 years. Dearth of skilled and technically sound people. Follows old management style yet now.,Show more
4.0,8 May 2012,our  spirit  'I Can...'... thats enough i think...,https://www.glassdoor.co.in/Reviews/Employee-Review-Ambuja-Cements-RVW1496509.htm,Technical officer,Current employee,Calcutta,,,'knowledge and overall advancement of life' these 2 things are taken care of in very well manner by some great mentors..... loved that since d first session with Business head ..,sometimes it seems  very slow in the process..... coordination or  sharing  between the other different zones are sometimes not adequate.,Show more
3.0,29 Nov 2021,The cement company with traditional Indian culture,https://www.glassdoor.co.in/Reviews/Employee-Review-Ambuja-Cements-RVW55988132.htm,Management trainee,"Former employee, less than 1 year",Mumbai,,,The pace of work is easy due to its bureaucratic culture. The company is trying to transition into a more modern corporate style company due to stuff competition it is getting from ultratech in the market.,"As a management trainee I found a lack of planning for our career paths and leaning curve. Everything was improvised and as a young tarinee I felt a 'misfit' and a child that they hate to baby sit, rather than an asset to be shaped and properly used.",Show more
5.0,2 May 2013,Time spent in the organization,https://www.glassdoor.co.in/Reviews/Employee-Review-Ambuja-Cements-RVW2613782.htm,Marine consultant,"Current contractor, more than 1 year",Kodīnar,,,"An ethical , professional and environmentally conscious Org. which practices what it preaches.","Location  is a bit of a downer, but then when we talk of backward integration, this Company epitomizes it all.",Show more
4.0,15 Jan 2018,Emerging Leader In Cement Industry,https://www.glassdoor.co.in/Reviews/Employee-Review-Ambuja-Cements-RVW18747592.htm,Anonymous employee,Current employee,,,,"Part of world conglomerate Lafarge Holcim, Ambuja Cements is fast emerging as a cement leader in the country. It has its own legacy and is now benefiting from the legacy of the world's largest cement manufacturing companies.",The management is changing as a result of the merger between Lafarge & Holcim. The merger between Ambuja & ACC is also on the cards. This transition may be an opportunity to some while a loss to the others,Show more
2.0,7 Dec 2017,not so organized work ulture,https://www.glassdoor.co.in/Reviews/Employee-Review-Ambuja-Cements-RVW18247561.htm,Project coordinator,"Former employee, more than 1 year",Bhātāpāra,,,"due to recent developments, like being acquired by Lafarge Holcim group they are  now offering better packages","low CTC
the hierarchy has no meaning .. people breach it easily
the feedback mechanism is not so good
the educational qualification is quite low for seniors, some of them are even from arts stream.",Show more
2.0,10 Dec 2021,Job Review at Ambuja Cemnets Ltd,https://www.glassdoor.co.in/Reviews/Employee-Review-Ambuja-Cements-RVW56517419.htm,Anonymous employee,"Current employee, more than 3 years",North,,,Old Name in the Cement is the Only Pros.,"Old Employees are Dominating People,
Salaries are comparatively Low but work Load is Heavy.
From day One do sales till 28th, 29th, 30 & 31ist.
Only Sales Sales Sales.....
Now any other Development Like Knowledge and other R&D.
Favoritism.
First Level Management is crushed only asking Sales no any part to be Played.",Show more
5.0,17 Jul 2012,my career was built up with this organisation,https://www.glassdoor.co.in/Reviews/Employee-Review-Ambuja-Cements-RVW1744318.htm,Sales manager,Former employee,Hyderābād,,,"systematic and very EMENTRgood organisation,with the guidlines of Ajay kapur ji","i was worked at north telangana,based at Nizamabad,looking after Adilabad,Nizamabad, and Medak. At that time our market was secondery market. there was no priority for this market as this is very low price zone.Because of this planning for this area in stock allotment was very poor.To improve my career growth i have shifted from AMBUJA CEMENT.Otherwise i will not left the organisation.",Show more
2.0,31 Jan 2017,"It's a good company, but not in terms of growth and hike.",https://www.glassdoor.co.in/Reviews/Employee-Review-Ambuja-Cements-RVW13574530.htm,Senior engineer,"Current employee, more than 3 years",Mumbai,,,"Working culture, specific work, no interference, reliability, individuality. Training modules given to individual needed, overall a very good company by working environment.","Given many work at a time, salary hike is very less, designation growth is very less, specially IIT/NIT/IIM students they don't stay here because of growth rate",Show more
3.0,24 Dec 2020,Past employees,https://www.glassdoor.co.in/Reviews/Employee-Review-Ambuja-Cements-RVW39782870.htm,Senior executive - sales & marketing,"Former employee, more than 3 years",,,,Well known brand in market,No personal life remains while working with Ambuja. Conference calls are mandatory to attend even you are hospitalized! Company is good but some of wrong person are making it hell with their decisions and enjoying the power of the chair.,Show more
2.0,15 Oct 2012,must read......,https://www.glassdoor.co.in/Reviews/Employee-Review-Ambuja-Cements-RVW2051295.htm,Mining engineer,"Former employee, more than 1 year","Chandrapur, Maharashtra",,,great cultural environment....collective team effort......people sitting at  some better position are quite brilliant and know how to deal..........,but you need something in your pocket too.......so with this kind of commitment you will always find a job with high pay ....so better explore your contact and make yourself rich by finding a better job......,Show more
4.0,25 Nov 2012,Work with Ambuja is feeling proud due to freedom at work and help to excel.,https://www.glassdoor.co.in/Reviews/Employee-Review-Ambuja-Cements-RVW2158247.htm,Senior manager,"Current employee, more than 10 years","Rūpnagar, Punjab",,,"Freedom at work, Theme of I can spirit and People Power, Arrange training and opprtunities to all desirous to grow in their profesional life.",Salaries are comparatively low with the counterparts working in other industries at same position.,Show more
5.0,10 Aug 2015,Great company to work with,https://www.glassdoor.co.in/Reviews/Employee-Review-Ambuja-Cements-RVW7521299.htm,Anonymous employee,Current employee,,,,"Great work environment,Management open to new ideas.A lot to learn and contribute. Everyday is a new day with new challenges.","No downsides, A great place to work. Other than usual work environment and good colleagues.",Show more
4.0,19 Jun 2017,Summer interen,https://www.glassdoor.co.in/Reviews/Employee-Review-Ambuja-Cements-RVW15528890.htm,Summer intern,"Former intern, less than 1 year",Calcutta,,,"As one of the leading cement production company in India, I have worked on the post GST advantages for the distribution of cement outside West Bengal and it was a good environment to work in where the employees values the ideas of the summer intern.",According to me the company focuses on too much of safety in the office.,Show more
5.0,21 Oct 2015,Amazing learning,https://www.glassdoor.co.in/Reviews/Employee-Review-Ambuja-Cements-RVW8384632.htm,Intern,"Former intern, less than 1 year","Jaipur, Rajasthan",,,You will learn a lot. People are very helpful and the culture is very good in Ambuja.,"You have to work on Saturdays. You need to travel a lot because there are many Retailers, ARSs and Dealers .",Show more
4.0,10 Oct 2012,A great massive MNC company to work with,https://www.glassdoor.co.in/Reviews/Employee-Review-Ambuja-Cements-RVW2035098.htm,Territory sales officer,"Current employee, more than 1 year",Bareilly,,,Can feel the MNC culture which shows respect towards employees.,You have to be satisfied with your salary and slow growth.,Show more
2.0,23 Dec 2012,big name in the market,https://www.glassdoor.co.in/Reviews/Employee-Review-Ambuja-Cements-RVW2226997.htm,Security,"Current employee, more than 1 year","Raipur, Chhattisgarh",,,Big name in the market,"Apply only if you are local
Sincere staff not required
leg pulling within the dept",Show more
4.0,11 Aug 2013,Nice Work culture and HR Policies,https://www.glassdoor.co.in/Reviews/Employee-Review-Ambuja-Cements-RVW2920764.htm,Engineer,"Current employee, more than 3 years","Chandrapur, Maharashtra",,,"1) Nice Environment to work
2) Opportunities to learn.
3) Work Life Balance
4) Start of art technologies such as SAP,TIS etc used.
5) Professional and growth oriented company. 
6) Various initiative such as people power to increase employee as well as production efficiency",1) Compensation & Salary Structure to GET after completing training.,Show more
2.0,22 Apr 2014,Not a good company to work for freshers. Recruited from a priemere B-School and working since 1 year,https://www.glassdoor.co.in/Reviews/Employee-Review-Ambuja-Cements-RVW4104416.htm,Assistant manager,"Current employee, more than 1 year",Mumbai,,,Part of the cement giant Holcim and Lafarge,"No Grooming Culture
No career path for Campus Recruits
No structured way",Show more
4.0,12 Jul 2012,they have not any value of honest employees always prefer HOD his own state person,https://www.glassdoor.co.in/Reviews/Employee-Review-Ambuja-Cements-RVW1722012.htm,Engineer,"Current employee, more than 8 years",Chandigarh,,,Company is very very good but local management not good,Honest people did not work full freedom Location Ropar,Show more
3.0,2 Mar 2014,Not doing justice to the resources and opportunity,https://www.glassdoor.co.in/Reviews/Employee-Review-Ambuja-Cements-RVW3792346.htm,Assistant manager,"Current employee, less than 1 year",Mumbai,,,"Tpart of global giant Holcim Ltd
No pressure environment
Since the company is stuck in old outdated practices, lots of scope to do things better and shine
Less hierarchical","Poor salary as compared with industry standard
No-initiative culture
Still stuck in old days",Show more
5.0,22 May 2021,Worked for 10 years with Ambuja in Plant as well as in corporate roles,https://www.glassdoor.co.in/Reviews/Employee-Review-Ambuja-Cements-RVW47303746.htm,Assistant manager,"Former employee, more than 8 years",,,,"Very great place to work.. values their employees.
Great work place for women and as mother of a toddler it always felt like my second home",Nothing in my mind. Very passionate about responsible business decisions,Show more
3.0,22 Apr 2018,Growth is not upto the mark,https://www.glassdoor.co.in/Reviews/Employee-Review-Ambuja-Cements-RVW20260233.htm,Anonymous employee,"Current employee, more than 5 years",,,,"Transparency.
Average work load.
Easy to access or approach to upper heirarchy .","Not a good exposure to youngster .
Growth depends on boot licking.",Show more
4.0,28 Apr 2020,Branded company gives a branded image,https://www.glassdoor.co.in/Reviews/Employee-Review-Ambuja-Cements-RVW32932565.htm,Senior technical services engineer,"Current employee, more than 3 years",Calcutta,,,"Learning , Brand Value , Market Presence , In time salary","Biased Superiors ,  Very slow promotions , improper hierarchy",Show more
5.0,4 Aug 2016,Assistant Manager - Costing & Controlling,https://www.glassdoor.co.in/Reviews/Employee-Review-Ambuja-Cements-RVW11463455.htm,Assistant manager,Former employee,Chandigarh,,,"Good Working Environment.
Systematic and Organised Policies
Training Programmes for Employee Development
Job Security for Professionals
Lot of Internal Job Opportunities within the Company","Growth is restricted in terms of Age.
Not too many young employees in the company",Show more
5.0,8 Aug 2012,Is One of The Best Organization In my Life.,https://www.glassdoor.co.in/Reviews/Employee-Review-Ambuja-Cements-RVW1822059.htm,G m (store & purchase),"Current employee, more than 10 years",Sahibābād,,,"Free to do to do work environment,  as being symbol of  I can.",At last some authorities Thought  Some thing wrong about Which I never Did.,Show more
5.0,16 Jan 2013,A great company to work with,https://www.glassdoor.co.in/Reviews/Employee-Review-Ambuja-Cements-RVW2285061.htm,"Dy, gm production","Current employee, more than 10 years",Kodīnar,,,"Transparent,good growth,good leaders & good learning","I don't see anything except more welfare activities  for employees family,",Show more
3.0,13 Dec 2018,Sales and marketing,https://www.glassdoor.co.in/Reviews/Employee-Review-Ambuja-Cements-RVW23816223.htm,Tso,"Former employee, more than 3 years",,,,"Good learning environment. 
Best culture to work.","Low salary. 
Growth is slow.",Show more
3.0,25 Apr 2012,has a very great exp..so many things i have learnt.........,https://www.glassdoor.co.in/Reviews/Employee-Review-Ambuja-Cements-RVW1467997.htm,Mechanical engineer,Current employee,Ghaziabad,,,bcoz its a mnc company.............i.e holcim ..........its a 1st stair for enter in holcim.....,"so many politics............
 u cnt trust to anyone........",Show more
3.0,31 Jan 2019,Great place to learn,https://www.glassdoor.co.in/Reviews/Employee-Review-Ambuja-Cements-RVW24471388.htm,Anonymous contractor,Former contractor,,,,"Great place to learn and train
Good co- employees all around
Good training programes
Health and safety is first priority","Limited carrier growth on offrole
Huge work pressure",Show more
3.0,14 Jun 2019,Good company for beginners,https://www.glassdoor.co.in/Reviews/Employee-Review-Ambuja-Cements-RVW27399659.htm,Anonymous employee,Current employee,,,,Discipline and Ethics are the good things to learn from here.,Very average salaries and no work life balance at all.,Show more
3.0,18 Nov 2018,Average Organization for average people,https://www.glassdoor.co.in/Reviews/Employee-Review-Ambuja-Cements-RVW23465162.htm,Senior engineer,"Current employee, more than 3 years",Jūnāgadh,,,"Fair pay, leading in standards and at pace with the contemporaries","Orthodoxy  in management, less priority to talent over age and skill over experience.",Show more
4.0,3 Aug 2021,Good work culture,https://www.glassdoor.co.in/Reviews/Employee-Review-Ambuja-Cements-RVW50652235.htm,Anonymous employee,Current employee,,,,"Competitive compensation plans, health benefits, rewards & incentives, continuous learning opportunities, growth & development, career advancement","Low salary, high expectations, high workload, manager is not ready to teach you, you have to learn from your own self.",Show more
4.0,29 Nov 2017,Assistant Manager,https://www.glassdoor.co.in/Reviews/Employee-Review-Ambuja-Cements-RVW18112669.htm,Anonymous employee,Former employee,,,,My Immediate boss was extremely good. He supported me very well during my Job,"Salary hike is not that good compared to other industry. 
At some departments, timing is very bad issue.",Show more
4.0,11 May 2019,Quality control engineer,https://www.glassdoor.co.in/Reviews/Employee-Review-Ambuja-Cements-RVW26097548.htm,Civil engineer,"Former employee, more than 1 year",Chandigarh,,,Company provides all the facilities to their employers it should be familiar with employers,Their are lots of challenging situations I was face,Show more
3.0,9 Sept 2019,Former employee,https://www.glassdoor.co.in/Reviews/Employee-Review-Ambuja-Cements-RVW29108143.htm,Anonymous employee,"Former employee, more than 8 years",,,,Good Brand awareness In market,"Competitor is having edge in all segment
Rigid management
unavailability of material in pick time & presuure on sales in lean time
Sales people always be in unnecessary pressure
Good for service / Engineer
heirachy level is pathetic",Show more
5.0,20 Sept 2014,Aesome company,https://www.glassdoor.co.in/Reviews/Employee-Review-Ambuja-Cements-RVW5008800.htm,Summer trainee,"Former intern, less than 1 year",Ajmer,,,"work culture 
great growth 
nice package",no cons  as  in particular  for  the company ..  canteen needs to  be improved though ..,Show more
4.0,12 Jun 2019,I WAS A TRAINEE ENGINEER,https://www.glassdoor.co.in/Reviews/Employee-Review-Ambuja-Cements-RVW27196956.htm,Raw mill,"Former contractor, more than 1 year",Bhilai,,,I love to work in a cement company due to my dreams,Maybe it can effect the body due to regular basis contact of cement with humanbeings,Show more
5.0,22 Sept 2013,best place to learn how to sale cement in market,https://www.glassdoor.co.in/Reviews/Employee-Review-Ambuja-Cements-RVW3082996.htm,Stockist,"Current employee, more than 10 years",Sūjāngarh,,,its policy & programme are always best in cement industries,I am stockist since last 12 years.,Show more
2.0,15 Sept 2019,Be careful! Check everything before accepting the offer!,https://www.glassdoor.co.in/Reviews/Employee-Review-Ambuja-Cements-RVW29233192.htm,Anonymous employee,"Former employee, more than 5 years",Mumbai,,,"Good manufacturing ability, one amongst the leaders, no pressure of work, good work-life balance","Unprofessional management, power centered in the hands of few, and low paying organization",Show more
3.0,5 Jan 2021,High Pressure Job,https://www.glassdoor.co.in/Reviews/Employee-Review-Ambuja-Cements-RVW40109861.htm,Business development,"Former employee, more than 1 year",Dehradun,,,"Salary is on time, Bill Clearance is Timely","Excessive Pressure, Seniors and Management does not listen to On Ground Problems, only sale is main Consideration , even if you belong to Technical Department.",Show more
4.0,2 Jun 2021,Review,https://www.glassdoor.co.in/Reviews/Employee-Review-Ambuja-Cements-RVW47777925.htm,Manager maintenance,"Current employee, more than 10 years","Rūpnagar, Punjab",,,"Good maintenance practices, follows good safety standards, has some good employee oriented policies","Salary hikes are not good in recent years, very frequent changes in the top management resulting in lots of confusion",Show more
3.0,5 Jan 2016,Good company which has lost the plot,https://www.glassdoor.co.in/Reviews/Employee-Review-Ambuja-Cements-RVW9075767.htm,Chief engineer,"Current contractor, more than 3 years",Surat,,,"1. Financially stable company
2. Good brand image","1. Taken over by multinationals who are only interested in profits
2. No expansion plans
3. Short sighted management",Show more
5.0,8 Dec 2015,internship at ambuja cement,https://www.glassdoor.co.in/Reviews/Employee-Review-Ambuja-Cements-RVW8853462.htm,Finance,"Current employee, less than 1 year",Mumbai,"Good place to work... innovative, knowledge gaining, nice exposure. good environment to work",I want to pursue my internship . so right now i dont have any idea,,,
4.0,24 May 2016,A good place to learn and earn,https://www.glassdoor.co.in/Reviews/Employee-Review-Ambuja-Cements-RVW10706998.htm,Senior engineer,Former employee,Kodīnar,,,"A very good company in terms of township, health care facility, a pleasent atmosphere, cooperative staff,",Rural place kodinar.. city veraval is far by 45 km,Show more
5.0,14 Apr 2021,Mechanical,https://www.glassdoor.co.in/Reviews/Employee-Review-Ambuja-Cements-RVW45495427.htm,Senior manager,"Former employee, more than 10 years",,,,"Adopted Best Maintenance Practices,Good exposure Technical Training Delegates Power,
Experienced top management","Very slow in growth ,Conservative out look,Too much audits,Lower salary than market, Slow growth",Show more
3.0,15 May 2018,Assistant Manager,https://www.glassdoor.co.in/Reviews/Employee-Review-Ambuja-Cements-RVW20594191.htm,Anonymous employee,Current employee,,Safety is first & top priority.  Work culture is good. facilities provided by the company is good.,Hike is low. Sometimes have to work in shifts. Work load is high.,,,
5.0,9 Nov 2019,Good company to work here,https://www.glassdoor.co.in/Reviews/Employee-Review-Ambuja-Cements-RVW30285947.htm,Anonymous employee,Former employee,,,,Good pay scale and promotions,Dust are the major problems here to work,Show more
3.0,14 Jul 2021,Zero Work life balance & great job security,https://www.glassdoor.co.in/Reviews/Employee-Review-Ambuja-Cements-RVW49740879.htm,Sales executive,"Current employee, more than 3 years",,,,"Job Security
Good Learning
Timely Salary
Excellent Employee Benefits
Friendly Environment","Zero Work life balance
Continuous Pressure
Working on weekends and holidays",Show more
4.0,22 Jan 2013,Internship at Ambuja Cement Ltd.,https://www.glassdoor.co.in/Reviews/Employee-Review-Ambuja-Cements-RVW2302982.htm,Management intern,"Former intern, less than 1 year",Mumbai,,,A lot learning Opportunities and good projects,Average age of organization is 45,Show more
4.0,19 Aug 2013,Great experience in Ambuja with great Management,https://www.glassdoor.co.in/Reviews/Employee-Review-Ambuja-Cements-RVW2949822.htm,Channel sales officer,"Current contractor, more than 1 year","Kathua, Jammu and Kashmir",,,Great management with high profile working staff.,there is nothing  under any downsides of the company.,Show more
5.0,24 Dec 2014,Very Good & Professional company,https://www.glassdoor.co.in/Reviews/Employee-Review-Ambuja-Cements-RVW5588263.htm,Land acquisition & liaison,Former employee,"Shimla, Himachal Pradesh",,,Management can understand your problems & very good Team Work,"Every thing Target oriented work,Everything it is in System.",Show more
5.0,12 Jun 2016,Work Culture,https://www.glassdoor.co.in/Reviews/Employee-Review-Ambuja-Cements-RVW10901623.htm,Manager,Current employee,"Raipur, Chhattisgarh",,,"Excellent Work Culture...
Good Employer and Employee relation
Freedom of Work..
Place where u can explore new Opportunities",Leadership Gap at Top Management,Show more
3.0,1 Dec 2016,best place to work,https://www.glassdoor.co.in/Reviews/Employee-Review-Ambuja-Cements-RVW12847060.htm,Anonymous employee,"Former employee, less than 1 year",Calcutta,,,good place to work coz u get a lot to learn for the team and mangement,didn't find any cons in the work or in management,Show more
4.0,12 Nov 2018,Best place to work and make stable life,https://www.glassdoor.co.in/Reviews/Employee-Review-Ambuja-Cements-RVW23375379.htm,Anonymous employee,Former employee,,,,"Provides good salary and other benefits
Good working environment","No Cons to write down
Slow promotion and more field work",Show more
3.0,11 Mar 2019,satisfactory for a Fresger,https://www.glassdoor.co.in/Reviews/Employee-Review-Ambuja-Cements-RVW25101739.htm,Anonymous employee,Current employee,,,,"1. Flexibility is high
2. No bonds
3. Now it is a part of Lafarge Holcim cement company","1. Career growth is slow
2. Office politics",Show more
5.0,19 Mar 2020,Ambuja Review,https://www.glassdoor.co.in/Reviews/Employee-Review-Ambuja-Cements-RVW32419712.htm,Graduate trainee,"Former employee, more than 1 year",Beāwar,,,The place is very well versed for the graduate trainees in  the company.,the benefits in the company are very less.,Show more
3.0,27 Jun 2013,"Learning, strong planning and proper paper work",https://www.glassdoor.co.in/Reviews/Employee-Review-Ambuja-Cements-RVW2774738.htm,Sales executive,"Current employee, more than 3 years",Chūru,,,"management, very learning environment and system to follow","compensation and perks, more events for field stuff",Show more
4.0,21 Oct 2014,Fantastic Experience,https://www.glassdoor.co.in/Reviews/Employee-Review-Ambuja-Cements-RVW5214966.htm,Area sales executive,"Current employee, less than 1 year",Sūratgarh,,,"Work life balance, very supportive,",there are no cons in this company. I learnt alot,Show more
5.0,18 Feb 2019,Great place to work,https://www.glassdoor.co.in/Reviews/Employee-Review-Ambuja-Cements-RVW24764169.htm,Executive assistant,"Former employee, more than 5 years",Dādri,,,Good and employee friendly policy,Job security rummer by old employee,Show more
3.0,13 May 2019,salary and benefits of ambuja cements ltd,https://www.glassdoor.co.in/Reviews/Employee-Review-Ambuja-Cements-RVW26112840.htm,Territory sales officer,"Current employee, more than 3 years",Rānchī,good working culture work and personal life balance is good,salary growth is not up to market rate as compare to respective companies,,,
5.0,1 Sept 2021,I am working in cement sector last 5 years. I am eagerly waiting to change.,https://www.glassdoor.co.in/Reviews/Employee-Review-Ambuja-Cements-RVW51934108.htm,Senior sales executive,"Former employee, more than 5 years",Darbhanga,,,This company working culture very good.,No growth in this company,Show more
3.0,31 Oct 2015,Overview,https://www.glassdoor.co.in/Reviews/Employee-Review-Ambuja-Cements-RVW8492610.htm,Deputy manager,"Former employee, more than 8 years",Mumbai,,,Great Culture and environment. Employee engagement is better and trust worthy culture.,"Low pay, Bad yearly performance review system.",Show more
5.0,17 Jun 2021,I am an fresher,https://www.glassdoor.co.in/Reviews/Employee-Review-Ambuja-Cements-RVW48508473.htm,Mechanical engineer,"Current employee, less than 1 year",Ludhiana,,,Because it develop my carrer and it can ehance my entire growth.,"Hardwork, passionate, self discipline, self motivated",Show more
5.0,5 Sept 2021,It was a very well taught inetrnship,https://www.glassdoor.co.in/Reviews/Employee-Review-Ambuja-Cements-RVW52130852.htm,Internship,"Former intern, less than 1 year",Bengaluru,the finance head reviewed and gave valuable feedback,The accounting year was extremely busy leading to comparatively lesser attention.,,,
3.0,8 Aug 2015,Ambuja Cement Ltd. Mechanical Engineer,https://www.glassdoor.co.in/Reviews/Employee-Review-Ambuja-Cements-RVW7508896.htm,Anonymous employee,"Current employee, more than 1 year",,,,"1. Facilities are good.
2. Safety is priority.","1. Remote location.
2. Good for short time but not for long run.",Show more
5.0,24 Feb 2016,Good Company to Work,https://www.glassdoor.co.in/Reviews/Employee-Review-Ambuja-Cements-RVW9682064.htm,Assistant manager,"Current employee, more than 8 years",Mumbai,,,"- Personal Touch
- Growth Aspects High
- Good Learning Experience
- Cross functional Exposure","- Packages & Benefits
- Training & Orientation needs improvement",Show more
4.0,11 Sept 2018,Ambuja  cement ltd is employee friendly company,https://www.glassdoor.co.in/Reviews/Employee-Review-Ambuja-Cements-RVW22416246.htm,Anonymous employee,"Current employee, more than 3 years",,,,policies are fair & transparent.,Some plants are in very remote location.,Show more
2.0,7 Nov 2019,Regional Head of Marketing,https://www.glassdoor.co.in/Reviews/Employee-Review-Ambuja-Cements-RVW30246738.htm,Regional head of marketing,"Former employee, more than 5 years",East,,,You get your salary on time. Nothing else,Suffocating atmosphere. Politics in every sphere. Most people are closed to change. No focus on marketing,Show more
4.0,23 Nov 2020,A great company to start your career,https://www.glassdoor.co.in/Reviews/Employee-Review-Ambuja-Cements-RVW38636457.htm,Section engineer,"Current employee, more than 1 year",Bhātāpāra,,,"Good salary
Great opportunity to learn
Friendly employees 
Employee engagement and welfare","Low growth rate
Working time is long for some people",Show more
4.0,9 Mar 2021,"boring life, less salary but a safe job",https://www.glassdoor.co.in/Reviews/Employee-Review-Ambuja-Cements-RVW43712939.htm,Engineer,"Former employee, more than 3 years",Bathinda,,,"safe job, easy work except in shutdowns","less salary, boring life living in a township",Show more
4.0,18 Sept 2016,Good Company,https://www.glassdoor.co.in/Reviews/Employee-Review-Ambuja-Cements-RVW11974479.htm,Manager,"Current employee, more than 8 years",New Delhi,The company is good for long run but in short period ....,"Growth is very slow , so not to be considered best",,,
4.0,22 Jan 2019,A good organization to work in,https://www.glassdoor.co.in/Reviews/Employee-Review-Ambuja-Cements-RVW24336416.htm,Brand manager,"Former employee, more than 1 year",Mumbai,,,Employee benefits are good and the workplace is collaborative,"A little hierarchical, process oriented",Show more
5.0,10 Dec 2018,Excellent company with great work atmosphere,https://www.glassdoor.co.in/Reviews/Employee-Review-Ambuja-Cements-RVW23771824.htm,Gm finance,"Current employee, more than 5 years",Mumbai,,,Excellent company with great work atmosphere,No major cons are noted,Show more
5.0,3 Sept 2020,Very good company,https://www.glassdoor.co.in/Reviews/Employee-Review-Ambuja-Cements-RVW35593052.htm,Store manager,"Current employee, more than 8 years",Tarakeswar,,,Excellent products with great value,More variety and product development should be kept in mind,Show more
3.0,21 Oct 2020,Good,https://www.glassdoor.co.in/Reviews/Employee-Review-Ambuja-Cements-RVW37437259.htm,Accountant,"Former employee, more than 1 year",Ahmedabad,,,Good environment for MBA degree holders,Quite low salary according to my qualification,Show more
3.0,2 Dec 2020,Job opportunity,https://www.glassdoor.co.in/Reviews/Employee-Review-Ambuja-Cements-RVW38959548.htm,Manager,Current employee,Mumbai,"Work Life balance for other departments other than marketing, Brand Name",Challenging work opportunities- not for people looking out for a fast paced jo,,,
4.0,16 Aug 2021,Good,https://www.glassdoor.co.in/Reviews/Employee-Review-Ambuja-Cements-RVW51168494.htm,Engineer,"Former employee, more than 3 years",,,,"At site location:

Free accommodation
Good colony
No electricity charges
No water charges
Good environment","Remote location plants and very hard to get a city life.
Less manpower
Network issues",Show more
3.0,7 Aug 2012,learning experience with new advanced technology,https://www.glassdoor.co.in/Reviews/Employee-Review-Ambuja-Cements-RVW1821415.htm,Process engineer,"Former employee, more than 1 year","Shimla, Himachal Pradesh",,,advance technolgy which makes you stand at international level,plants in very remote areas,Show more
4.0,3 Apr 2017,Graduate Engineer,https://www.glassdoor.co.in/Reviews/Employee-Review-Ambuja-Cements-RVW14459792.htm,Graduate engineer trainee,"Former employee, more than 3 years",Darlaghat,,,"Good work culture.
Good facilities.
Decent salary.
a lot of things to learn.",one might get breathing problems while working in plant. rest is fine.,Show more
3.0,29 May 2018,Management,https://www.glassdoor.co.in/Reviews/Employee-Review-Ambuja-Cements-RVW20790276.htm,Anonymous employee,Current employee,,,,"1.Less work load
2.Easy to avail leave","1.Salary is very low
2.Too much hierarchy 
3.No innovative culture",Show more
4.0,5 Nov 2018,Good place to engage yourself and get started,https://www.glassdoor.co.in/Reviews/Employee-Review-Ambuja-Cements-RVW23276126.htm,Summer intern,"Former intern, less than 1 year",Roorkee,,,"Good Mentors
Motivating Leaders
No feeling Patriarchy
Learning Environment",Was not able to find any,Show more
3.0,11 Jul 2019,Work and family life balance,https://www.glassdoor.co.in/Reviews/Employee-Review-Ambuja-Cements-RVW27943482.htm,Anonymous employee,Current employee,,The job is quite good,if you get a moody senior you are done with your life,,,
4.0,15 Oct 2019,Working with the company in East,https://www.glassdoor.co.in/Reviews/Employee-Review-Ambuja-Cements-RVW29816169.htm,Anonymous employee,Former employee,,Great company to work for as it has strong processes.,Decision making process is lengthy and time consuming.,,,
5.0,17 Sept 2020,Good Culture and Good place to work.,https://www.glassdoor.co.in/Reviews/Employee-Review-Ambuja-Cements-RVW36056012.htm,Anonymous employee,"Current employee, more than 3 years",Kodīnar,,,"Work life balance and Good H&S policies. 
Great place to work.",No cons according to me.,Show more
3.0,17 Jul 2021,Branch In Charge Odisha,https://www.glassdoor.co.in/Reviews/Employee-Review-Ambuja-Cements-RVW49897262.htm,Branch manager,"Former employee, more than 10 years",Bhubaneshwar,,,It was a great experience with Ambuja,Replacement of Loyal Old Employees with dumb freshers,Show more
4.0,4 Jan 2022,Good place to work,https://www.glassdoor.co.in/Reviews/Employee-Review-Ambuja-Cements-RVW57398394.htm,Engineer mines,"Former employee, more than 1 year",Darlaghat,,,Provides accomodation and meals. Health care facilities. And opportunities. Fixed working hours.,Location is very remote. Except for corporate office,Show more
4.0,22 Sept 2012,a good place for work as a engineer.,https://www.glassdoor.co.in/Reviews/Employee-Review-Ambuja-Cements-RVW1981190.htm,Ccr officer,"Current employee, more than 3 years",Farakka,we learning with mistake and get sapport from sr.,jr level suffer with plant politics.,,,
5.0,23 May 2013,I CAN do Everything,https://www.glassdoor.co.in/Reviews/Employee-Review-Ambuja-Cements-RVW2672813.htm,Assistant manager,"Former employee, more than 10 years",Kodīnar,TO work with freedom and give result  in time,salary constraint  before some years may be,,,
4.0,8 Aug 2014,Good intern opportunity!,https://www.glassdoor.co.in/Reviews/Employee-Review-Ambuja-Cements-RVW4740290.htm,Anonymous intern,"Former intern, less than 1 year",,Learn as much as you wish to about the cement manufacturing process or mechanical tools.,none that i came across,,,
4.0,15 Nov 2015,First architect in CSG Dept. in Eastern India,https://www.glassdoor.co.in/Reviews/Employee-Review-Ambuja-Cements-RVW8647612.htm,Senior technical officer (architect),"Former employee, more than 3 years",Mumbai,"Good place to work... innovative, knowledge gaining, nice exposure",a bit slow in the process,,,
3.0,20 Jul 2017,good company to work with,https://www.glassdoor.co.in/Reviews/Employee-Review-Ambuja-Cements-RVW16001752.htm,Sales executive,"Former employee, more than 1 year",Indore,,,"brand presence, people know in the market","bad management support, less salary",Show more
5.0,12 Jun 2017,worked in accounts dept for 25 years,https://www.glassdoor.co.in/Reviews/Employee-Review-Ambuja-Cements-RVW15446356.htm,Assistant manager,"Former employee, more than 10 years",Mumbai,,,"i can ,employee empowerment ,peoples powers","good working environment,growth and promotion policies",Show more
3.0,27 Mar 2018,Logistics Officer,https://www.glassdoor.co.in/Reviews/Employee-Review-Ambuja-Cements-RVW19886797.htm,Anonymous employee,Former employee,,,,Good environment to know more about Logistics activities,Work life balance NIL and work life balance not there,Show more
5.0,4 Aug 2014,From 4th DEC. To continue,https://www.glassdoor.co.in/Reviews/Employee-Review-Ambuja-Cements-RVW4712789.htm,Anonymous employee,Current employee,,,,It is India's leading cement produced company.,Good benefits about career for provide the training,Show more
3.0,30 Jul 2016,As an Engineer,https://www.glassdoor.co.in/Reviews/Employee-Review-Ambuja-Cements-RVW11403828.htm,Anonymous employee,Former employee,,,,"More way of learning, human skill development.",Heavy workload. Living of life is low,Show more
4.0,24 Apr 2018,good,https://www.glassdoor.co.in/Reviews/Employee-Review-Ambuja-Cements-RVW20286416.htm,Anonymous employee,"Former employee, more than 3 years","Chandrapur, Maharashtra",,,Ambuja is a good company to work for stable life,"Location is remote, and to live in company quaters",Show more
5.0,7 Aug 2018,very very good company to work with a top class company.,https://www.glassdoor.co.in/Reviews/Employee-Review-Ambuja-Cements-RVW21848669.htm,Sales representative,"Current employee, more than 1 year",,you will learn a lot,no cons till now thanks,,,
4.0,21 Mar 2019,Summer Trainee,https://www.glassdoor.co.in/Reviews/Employee-Review-Ambuja-Cements-RVW25276585.htm,Anonymous intern,"Current intern, less than 1 year",Lucknow,Want to learn something new about Cement.,Cement causes serious health problems for humans and as well as for environment.,,,
5.0,15 Sept 2021,Good Company,https://www.glassdoor.co.in/Reviews/Employee-Review-Ambuja-Cements-RVW52581371.htm,Automation operator,Current employee,Chandigarh,,,Good work environment of the company.,Bosses are aggresive at times,Show more
4.0,13 Oct 2012,very good company to work,https://www.glassdoor.co.in/Reviews/Employee-Review-Ambuja-Cements-RVW2044449.htm,Deputy manager,"Current employee, more than 8 years","Patna, Bihar",,,good environment to work on.,"late decision making ,average employer",Show more
4.0,1 Nov 2017,Good company,https://www.glassdoor.co.in/Reviews/Employee-Review-Ambuja-Cements-RVW17669758.htm,Deputy manager,"Former employee, more than 10 years",Mumbai,,,good place to work and better prospects,Along with new employees old employees salary to be taken care,Show more
4.0,28 Sept 2018,Senior engineer,https://www.glassdoor.co.in/Reviews/Employee-Review-Ambuja-Cements-RVW22702160.htm,Anonymous employee,Former employee,,,,"Learning opportunities, leadership opportunities, good place to start","Less salary at start, lots of field work",Show more
4.0,1 Nov 2020,Good for long term career plan,https://www.glassdoor.co.in/Reviews/Employee-Review-Ambuja-Cements-RVW37868178.htm,Graduate engineer,"Former employee, less than 1 year",Mangalore,,,"Good management.
Good canteen facilities.
Good work culture.","Politics.
People are not accommodating.
Low salary",Show more
5.0,18 Oct 2020,Company Review,https://www.glassdoor.co.in/Reviews/Employee-Review-Ambuja-Cements-RVW37309819.htm,Assistant manager,"Former employee, more than 1 year",Kodīnar,,,"Work life balance, Good governance, Strong ethics, Good safety culture",Majority of plants located in remote places,Show more
4.0,16 Sept 2018,Ambuja is a Learning and training institute for beginners,https://www.glassdoor.co.in/Reviews/Employee-Review-Ambuja-Cements-RVW22500372.htm,Assistant manager,"Current employee, more than 8 years",Pune,Transparent organisation and good working,Nothing I discovered in my career.,,,
3.0,20 Aug 2019,It was a good experience,https://www.glassdoor.co.in/Reviews/Employee-Review-Ambuja-Cements-RVW28728340.htm,Anonymous intern,Former intern,,You can gain good core knowledge,Plants are on very secluded places and far from cities,,,
4.0,21 Jan 2020,Marketing Overview,https://www.glassdoor.co.in/Reviews/Employee-Review-Ambuja-Cements-RVW31424887.htm,Management trainee,"Current employee, less than 1 year","Chandrapur, Maharashtra",Good Company to learn actual marketing tactics with good culture and policies.,As of now no cons found.,,,
4.0,1 Sept 2020,Great Company to work for,https://www.glassdoor.co.in/Reviews/Employee-Review-Ambuja-Cements-RVW35494210.htm,Human resources business partner,Current employee,,Work-Life Balance Trust Safe Environment Autonomy Communication Hand Holding,Compensation Policies Hierarchy Employee Engagement Policies,,,
5.0,17 Dec 2020,Positive Review,https://www.glassdoor.co.in/Reviews/Employee-Review-Ambuja-Cements-RVW39556178.htm,Senior marketing executive indore,"Current employee, more than 3 years",Indore,,,Only MNC Cement Company  in India,5 District  to one Officers  in Indore,Show more
5.0,17 Feb 2021,Good company,https://www.glassdoor.co.in/Reviews/Employee-Review-Ambuja-Cements-RVW42670783.htm,Marketing assistant,"Current employee, more than 1 year",,Peaceful environment work for everyone,No cons as such just that management may be lathargic to change,,,
4.0,12 Sept 2012,Good Place to Work,https://www.glassdoor.co.in/Reviews/Employee-Review-Ambuja-Cements-RVW1944477.htm,Tse,"Former employee, more than 3 years",Amreli,Keep Updated Yourself. Consistency in Followup. New Innovations & Ideas.,Always ask for approval first.,,,
3.0,26 Nov 2016,Engineer,https://www.glassdoor.co.in/Reviews/Employee-Review-Ambuja-Cements-RVW12790931.htm,Bezirksvertriebsmanager / großkundenmanager,Former employee,Mumbai,Good Learning stage in instrumentation & heavy electrical equipment field,Location issue & verry less growth rate of career,,,
5.0,26 Feb 2018,Technical Deparment,https://www.glassdoor.co.in/Reviews/Employee-Review-Ambuja-Cements-RVW19416530.htm,Junior officer at technical support dep,"Current employee, more than 1 year","Batāla, Punjab",,,Ambuja cements is Limited company,Off roll job in Ambuja cements,Show more
5.0,19 Nov 2018,Assistant manager,https://www.glassdoor.co.in/Reviews/Employee-Review-Ambuja-Cements-RVW23478674.htm,Anonymous employee,Current employee,,,,"Work culture, work life balance","Less Salary, less bonus, overtimes,",Show more
4.0,18 May 2019,Good company to start career,https://www.glassdoor.co.in/Reviews/Employee-Review-Ambuja-Cements-RVW26202196.htm,Branch development executive,"Current employee, more than 1 year",,,,"Good, 
Supportive 
Staff is co-operative","Salaries are very low
No facilities for offrole
Salary is less",Show more
5.0,8 May 2019,Good work culture,https://www.glassdoor.co.in/Reviews/Employee-Review-Ambuja-Cements-RVW26037761.htm,Anonymous employee,Former employee,,Growth is good. Senior staff supportive,Timings not flexible. Hard to maintain work life balance,,,
4.0,13 Dec 2021,Good company to work with,https://www.glassdoor.co.in/Reviews/Employee-Review-Ambuja-Cements-RVW56634639.htm,Dgm marketing,"Current employee, more than 10 years",,,,"Good environment
Good Growth opportunities
Good for performers",Compensation wise slightly lower as compared with competition,Show more
4.0,21 Dec 2013,Automation & Control ( Captive Power Plant),https://www.glassdoor.co.in/Reviews/Employee-Review-Ambuja-Cements-RVW3445596.htm,Automation & control engineer,"Current employee, more than 5 years","Rūpnagar, Punjab",Friendly and good working culture,Pay scale as not marker values,,,
4.0,5 Mar 2016,manager,https://www.glassdoor.co.in/Reviews/Employee-Review-Ambuja-Cements-RVW9807701.htm,Project manager,Current employee,Kol,,,good company to work with,should be more flexible in process,Show more
4.0,26 Jul 2018,Site engineer,https://www.glassdoor.co.in/Reviews/Employee-Review-Ambuja-Cements-RVW21666855.htm,Site civil engineer,"Current employee, more than 3 years",Mumbai,,,India's largest growing cement company,For improvement of my knowledge,Show more
5.0,2 Sept 2020,Superb,https://www.glassdoor.co.in/Reviews/Employee-Review-Ambuja-Cements-RVW35569807.htm,Second officer,"Current contractor, more than 10 years",Mumbai,,,Good company with good working atmosphere,I didn't find any difficulty to work there,Show more
3.0,15 Oct 2020,Work,https://www.glassdoor.co.in/Reviews/Employee-Review-Ambuja-Cements-RVW37172341.htm,Graduate engineering trainee get,"Current employee, less than 1 year",Mumbai,,,It's a good company to work with for freshers,it's a Very high work load,Show more
5.0,28 Nov 2020,Great company to work with,https://www.glassdoor.co.in/Reviews/Employee-Review-Ambuja-Cements-RVW38816725.htm,Senior production engineer,Former employee,,,,"Work life balance
New opportunities to learn",No. of hierarchy is very high,Show more
4.0,9 Jan 2021,Good,https://www.glassdoor.co.in/Reviews/Employee-Review-Ambuja-Cements-RVW40360673.htm,School counselor,"Current employee, more than 5 years","Raipur, Madhya Pradesh","Facilities - Housing in colony, water Supply, electricity, child education.",No downside I find. All is Good.,,,
4.0,19 Jun 2021,very nice,https://www.glassdoor.co.in/Reviews/Employee-Review-Ambuja-Cements-RVW48561525.htm,Manager,Former employee,Sonitpur,good company for work & knowledge share,salary is somehow less and house rent is hidden,,,
2.0,30 Mar 2015,Not Satisfied,https://www.glassdoor.co.in/Reviews/Employee-Review-Ambuja-Cements-RVW6228662.htm,Anonymous employee,Current employee,,,,"Job Security, Safety, Work life balance","Poor senior management, Low compensation",Show more
4.0,10 Nov 2016,Good company to work,https://www.glassdoor.co.in/Reviews/Employee-Review-Ambuja-Cements-RVW12626618.htm,Process engineer,Former employee,Surat,"Fun and friendly atmosphere, Employee benefit as ESOP",Bonus system is not fixed,,,
5.0,18 Dec 2016,Field Executive Officer,https://www.glassdoor.co.in/Reviews/Employee-Review-Ambuja-Cements-RVW13038592.htm,Field service engineer,Current employee,Midnapore,,,"Learning Place, Best Management, International Company,",only one downside is offrole,Show more
3.0,5 Jan 2018,GooD Company For Learning and start,https://www.glassdoor.co.in/Reviews/Employee-Review-Ambuja-Cements-RVW18590156.htm,Anonymous employee,Current employee,,,,Good Company To Learn and start,Very Less Salary and increment,Show more
4.0,1 Feb 2018,Graduate Engineering Trainee,https://www.glassdoor.co.in/Reviews/Employee-Review-Ambuja-Cements-RVW19021551.htm,Anonymous employee,Current employee,,,,very good work enviroment beside the plants,One may have breathing problem,Show more
4.0,8 May 2019,Ex employee,https://www.glassdoor.co.in/Reviews/Employee-Review-Ambuja-Cements-RVW26050990.htm,Deputy manager,"Former employee, more than 1 year",Mumbai,,,Great team great mentor warm culture,Not a very great pay master,Show more
4.0,18 Feb 2021,GET,https://www.glassdoor.co.in/Reviews/Employee-Review-Ambuja-Cements-RVW42701375.htm,Anonymous employee,"Former employee, less than 1 year",,Good very good company and work culture,No there is no cons. Happy to work there,,,
5.0,6 Mar 2021,Pathetic,https://www.glassdoor.co.in/Reviews/Employee-Review-Ambuja-Cements-RVW43588294.htm,Senior manager,"Current employee, less than 1 year",Bhātāpāra,Only pros is the umbrella of LH group,No work life balance. Unrealistic job target.,,,
4.0,23 Feb 2021,Good,https://www.glassdoor.co.in/Reviews/Employee-Review-Ambuja-Cements-RVW42996031.htm,Sales,"Current employee, more than 1 year",Sahibzada Ajit Singh Nagar,,,"Good company to work, Perks always on time",There is no problem in this company.,Show more
4.0,19 Mar 2021,"Good company to work, Employee friendly",https://www.glassdoor.co.in/Reviews/Employee-Review-Ambuja-Cements-RVW44242008.htm,Assistant manager,Current contractor,,"Good company to work, Employee friendly",I didnt find anything wrong,,,
5.0,23 Jun 2021,Great exposure,https://www.glassdoor.co.in/Reviews/Employee-Review-Ambuja-Cements-RVW48745036.htm,Senior it category manager,Current employee,Mumbai,"Great opportunities to learn, wide exposure to procurement",Haven't found any reason per say,,,
1.0,2 Sept 2015,Be careful before joining the organization,https://www.glassdoor.co.in/Reviews/Employee-Review-Ambuja-Cements-RVW7823722.htm,Anonymous employee,Former employee,,,,"-Timely salary
- Big name in market","-Any time management ask for resignation due to pressure from Holcim
-Any time you get transfer letter from your core field to security dept, store, mines...etc
- zero recognition",Show more
4.0,14 Sept 2016,good for growth,https://www.glassdoor.co.in/Reviews/Employee-Review-Ambuja-Cements-RVW11927432.htm,Area sales executive,Former employee,Nālāgarh,,,"nice staff 
nice management
life is good  there","salaries low
time management is poor",Show more
3.0,27 Feb 2018,Technical Engineer,https://www.glassdoor.co.in/Reviews/Employee-Review-Ambuja-Cements-RVW19453242.htm,Anonymous employee,Current employee,,very Discipline and Eco-Friendly Company,Nothing to mention in this because it is the best,,,
3.0,28 Jan 2019,Deputy Manager Logistics,https://www.glassdoor.co.in/Reviews/Employee-Review-Ambuja-Cements-RVW24412256.htm,Anonymous employee,Former employee,,"Growth Opportunity, Good Salary, Work life balance",Lot of changes in management off late,,,
5.0,21 Jul 2019,Ppc bag quality review process,https://www.glassdoor.co.in/Reviews/Employee-Review-Ambuja-Cements-RVW28156581.htm,Warehouse intern,"Former intern, less than 1 year",Sānkrāil,Good environment and employee benefits,None whatsoever in my opinion,,,
3.0,28 Dec 2020,Maintenance department,https://www.glassdoor.co.in/Reviews/Employee-Review-Ambuja-Cements-RVW39863035.htm,Anonymous employee,Current employee,,Good exposure to the production system,Work culture is not good as per the brand,,,
5.0,15 Jan 2021,Best company to work,https://www.glassdoor.co.in/Reviews/Employee-Review-Ambuja-Cements-RVW40803936.htm,Anonymous employee,Former employee,Mumbai,"Good salary, good growth, best company",Nothing as much to say,,,
3.0,12 May 2021,"Engagement with architect, engineers, contractors,",https://www.glassdoor.co.in/Reviews/Employee-Review-Ambuja-Cements-RVW46822978.htm,Technical services engineer,Current employee,,,,Professional work environment and good,3verythibg is fine good environment,Show more
5.0,21 Apr 2019,Business Head,https://www.glassdoor.co.in/Reviews/Employee-Review-Ambuja-Cements-RVW25777504.htm,Business head,Current employee,Mumbai,,,"All good , excellent job satisfaction","Nothing, all colleagues very cooperative",Show more
5.0,25 Aug 2019,Assistant manager,https://www.glassdoor.co.in/Reviews/Employee-Review-Ambuja-Cements-RVW28837803.htm,Assistant manager,"Current employee, less than 1 year","Nāgaur, Rajasthan",,,Good company and good working culture,Salary hike to be more,Show more
5.0,9 Sept 2019,Very good work culture,https://www.glassdoor.co.in/Reviews/Employee-Review-Ambuja-Cements-RVW29107385.htm,Anonymous employee,Current employee,,"Excellence in system, work culture",Growth opportunity bit less here,,,
5.0,15 Sept 2020,Excellent workplace,https://www.glassdoor.co.in/Reviews/Employee-Review-Ambuja-Cements-RVW36006293.htm,Senior manager,Current employee,,,,"Professional management
Excellent work culture. 
Learning opertunity",No such cons in this co.,Show more
5.0,2 Nov 2020,Good,https://www.glassdoor.co.in/Reviews/Employee-Review-Ambuja-Cements-RVW37929668.htm,Ppc engineer,Former employee,New Delhi,Best in Cement plants in India.,Climate issues are there in the area.,,,
4.0,27 Jan 2021,Good Place to work for,https://www.glassdoor.co.in/Reviews/Employee-Review-Ambuja-Cements-RVW41500303.htm,Technical services engineer,"Former employee, more than 3 years",Guwahati,,,"Colleagues are friendly
Manager was supporting",HR is not much involved,Show more
3.0,18 Feb 2021,sales and marketing,https://www.glassdoor.co.in/Reviews/Employee-Review-Ambuja-Cements-RVW42695804.htm,Sales executive,"Current employee, more than 3 years",Rānchī,good working culture and policy,sales pressure work and life balance not good,,,
4.0,9 Dec 2021,good,https://www.glassdoor.co.in/Reviews/Employee-Review-Ambuja-Cements-RVW56464424.htm,Graduate student,Former employee,Calcutta,it was good working here,"nothing as such, no cons",,,
5.0,1 Nov 2021,Best working culture,https://www.glassdoor.co.in/Reviews/Employee-Review-Ambuja-Cements-RVW54758705.htm,Assistant manager,"Former employee, more than 5 years",Mumbai,"Good brand, customer focused learning","Less innovation, less growth, less opportunity",,,
4.0,4 Jan 2013,Wonderful experience!,https://www.glassdoor.co.in/Reviews/Employee-Review-Ambuja-Cements-RVW2249753.htm,Anonymous employee,"Current employee, more than 3 years",Dādri,"Job Security, growth, learning experience.","Salary and perks, Nepotism, Resistance to change.",,,
4.0,4 Oct 2018,Assistant manager,https://www.glassdoor.co.in/Reviews/Employee-Review-Ambuja-Cements-RVW22799632.htm,Anonymous employee,"Current employee, more than 5 years",,Good company to start with.,Slow growth and less involvement of HR.,,,
4.0,15 Apr 2019,work culture,https://www.glassdoor.co.in/Reviews/Employee-Review-Ambuja-Cements-RVW25678406.htm,Assistant manager,"Current employee, more than 5 years",Chandigarh,"good learning institute, good work culture","slow growth rate, unstable company policies",,,
5.0,17 Jun 2019,Good company,https://www.glassdoor.co.in/Reviews/Employee-Review-Ambuja-Cements-RVW27441161.htm,Anonymous contractor,"Former contractor, less than 1 year",,Good place to work with,No cons. All fine and ok,,,
3.0,19 May 2020,HR/IR Activities,https://www.glassdoor.co.in/Reviews/Employee-Review-Ambuja-Cements-RVW33253770.htm,Manager,Current employee,"Jodhpur, Rajasthan",,,"Recruitment, Remuneration, Statutory Compliance, Salary",Fullfil functions working and Statutory requirements,Show more
5.0,28 Nov 2020,nice workplace,https://www.glassdoor.co.in/Reviews/Employee-Review-Ambuja-Cements-RVW38830472.htm,Anonymous intern,Former intern,,,,"very nice work hours
flexible breaks",nothing is there much to say,Show more
4.0,15 Jan 2021,Nice facilities,https://www.glassdoor.co.in/Reviews/Employee-Review-Ambuja-Cements-RVW40766098.htm,Team leader,Current employee,Kodīnar,"Good Environment, Good salary, nice programs",not much cons as of now,,,
2.0,14 Sept 2021,Low pay,https://www.glassdoor.co.in/Reviews/Employee-Review-Ambuja-Cements-RVW52509858.htm,Anonymous employee,Current employee,,None as such.. Good work life balance,Low pay and not good increment s,,,
5.0,9 Oct 2021,Good,https://www.glassdoor.co.in/Reviews/Employee-Review-Ambuja-Cements-RVW53749485.htm,Anonymous employee,Current employee,Thāne,,,Excellent very nice i love this,Bad management very very very,Show more
3.0,22 Oct 2021,Pros,https://www.glassdoor.co.in/Reviews/Employee-Review-Ambuja-Cements-RVW54335348.htm,Anonymous employee,"Former employee, more than 1 year","Jodhpur, Rajasthan","Accomodation , salary wise good","Poor Management, poor work life balance, long working hours",,,
3.0,28 Nov 2021,Ok,https://www.glassdoor.co.in/Reviews/Employee-Review-Ambuja-Cements-RVW55939705.htm,Mechanical engineer,"Current employee, less than 1 year","Pāli, Chhattisgarh",Facility is good with free residential.,Dust is very high. Causes various health disorder,,,
4.0,3 Aug 2015,Good,https://www.glassdoor.co.in/Reviews/Employee-Review-Ambuja-Cements-RVW7437724.htm,Assistant manager,"Current employee, less than 1 year",Mumbai,,,Good company to work with.,no cons for an employee,Show more
3.0,11 Jun 2017,engineer profile,https://www.glassdoor.co.in/Reviews/Employee-Review-Ambuja-Cements-RVW15431561.htm,Anonymous employee,Current employee,,good environment.  good team members,"not so much learning, rural locations.",,,
4.0,29 Dec 2018,GET MECHANICAL,https://www.glassdoor.co.in/Reviews/Employee-Review-Ambuja-Cements-RVW23995974.htm,Anonymous employee,Current employee,,Good company to start with,Ni any major cons as such,,,
3.0,31 Aug 2019,engineer at acl,https://www.glassdoor.co.in/Reviews/Employee-Review-Ambuja-Cements-RVW28964850.htm,Anonymous employee,Current employee,,good work culture in company,low salary and low career growth,,,
4.0,25 Dec 2019,Nice company,https://www.glassdoor.co.in/Reviews/Employee-Review-Ambuja-Cements-RVW31006364.htm,Anonymous employee,Former employee,,,,"Good growth
Ample Growth opportunities
Provide decent accommodation","Office politics
Union intervention in growth",Show more
1.0,11 Jan 2021,"Use new college graduates as per roles & not as per their background studies, then don't confirm job",https://www.glassdoor.co.in/Reviews/Employee-Review-Ambuja-Cements-RVW40477818.htm,Digital marketing specialist,"Current intern, less than 1 year",Mumbai,,,Good facility provided to work,"Very unplanned organization, relaxed people, all in their comfort zones..",Show more
5.0,1 Apr 2021,Good company,https://www.glassdoor.co.in/Reviews/Employee-Review-Ambuja-Cements-RVW44885235.htm,Company secretary,Current employee,Mumbai,Profit making sales are high,Lot of politics no growth,,,
3.0,23 Apr 2021,Good,https://www.glassdoor.co.in/Reviews/Employee-Review-Ambuja-Cements-RVW45978763.htm,Branch head,"Current employee, more than 8 years","Āgra, Uttar Pradesh",,,Great learning experience in sales,Package is very low as per industry,Show more
3.0,14 Oct 2021,Good,https://www.glassdoor.co.in/Reviews/Employee-Review-Ambuja-Cements-RVW53974009.htm,Management trainee,"Former employee, less than 1 year",,,,Salary on time. Good brand,Work load is imense no free time,Show more
5.0,13 Oct 2021,Gudg,https://www.glassdoor.co.in/Reviews/Employee-Review-Ambuja-Cements-RVW53947527.htm,Anonymous employee,"Former employee, less than 1 year","Gurgaon, Haryana",Good good nc place to work,No appreciate to work with,,,
4.0,4 Aug 2018,Ambuja,https://www.glassdoor.co.in/Reviews/Employee-Review-Ambuja-Cements-RVW21812771.htm,Technical service engineer,"Current employee, more than 1 year","Jammu, Jammu and Kashmir","Best learning environment,at best salary","Lengthy working hours, Not much incentive",,,
5.0,8 Mar 2019,Marketing officer,https://www.glassdoor.co.in/Reviews/Employee-Review-Ambuja-Cements-RVW25073123.htm,Marketing coordinator,"Former employee, more than 3 years",Suryapet,Company vision is clear,Culture in company was good,,,
4.0,25 Sept 2020,Maintenance Manager,https://www.glassdoor.co.in/Reviews/Employee-Review-Ambuja-Cements-RVW36383377.htm,Maintenance manager,Current employee,Roorkee,Good company to work with.,Very dynamic nature of job,,,
4.0,18 Dec 2020,",",https://www.glassdoor.co.in/Reviews/Employee-Review-Ambuja-Cements-RVW39622908.htm,Anonymous employee,"Former employee, more than 1 year","Somnāth, Gujarat",Good Work Environment and pay,No cons for this work profile,,,
3.0,17 Nov 2021,Engineer,https://www.glassdoor.co.in/Reviews/Employee-Review-Ambuja-Cements-RVW55467618.htm,Engineer,Current employee,Mumbai,Good support from higher management.,Increment is a major issue,,,
1.0,21 May 2018,Assistant Manager - Corporate Controlling,https://www.glassdoor.co.in/Reviews/Employee-Review-Ambuja-Cements-RVW20675591.htm,Anonymous employee,"Former employee, less than 1 year",,,,Good Brand Name in the Market,"Opportunities for learning very less, No Quality Work , Work Environment is no great.",Show more
1.0,28 Sept 2020,Sadistic Leadership,https://www.glassdoor.co.in/Reviews/Employee-Review-Ambuja-Cements-RVW36461278.htm,Anonymous employee,"Current employee, more than 8 years",Surat,,,"Covid19 has blown away the mask, nothing is what it appeared.","A good company destroyed by sadistic leadership.
Self centric and zero partner and employee outlook.",Show more
1.0,23 Aug 2016,Sr Business Devlopment Manager,https://www.glassdoor.co.in/Reviews/Employee-Review-Ambuja-Cements-RVW11663063.htm,Assistant manager,"Former employee, more than 1 year",Mumbai,,,Good for General Managers and top management,Lower level people gets paid to low,Show more
1.0,24 Jun 2021,Good compqny,https://www.glassdoor.co.in/Reviews/Employee-Review-Ambuja-Cements-RVW48782947.htm,Assistant manager,"Former employee, more than 1 year",New Delhi,,,Nice to work for good environment.. good chance to grow,No work life balance should be little more flexible,Show more
1.0,24 Jul 2021,not good,https://www.glassdoor.co.in/Reviews/Employee-Review-Ambuja-Cements-RVW50222250.htm,Senior engineer,Current employee,"Aurangābād, Maharashtra",,,service hghjhkh good high must try,working culture yhukhkjkj grdrf no other hook,Show more
1.0,17 Sept 2019,Company review,https://www.glassdoor.co.in/Reviews/Employee-Review-Ambuja-Cements-RVW29292077.htm,Anonymous employee,"Current employee, more than 1 year",,Good to take only experience,No work life balance..No ethics..You have to work on holidays and leaves,,,
1.0,2 Jul 2021,Stay away,https://www.glassdoor.co.in/Reviews/Employee-Review-Ambuja-Cements-RVW49239133.htm,Assistant manager,Current employee,,None none none none none,"No work life balance, work like a robot, stay away",,,
5.0,16 Sept 2024,good,https://www.glassdoor.co.in/Reviews/Employee-Review-Ambuja-Cements-RVW91073047.htm,Asst. professor,"Current employee, more than 1 year",Dhaka,all good everything good. Nice culture,Not a bad thing you will find,,,
5.0,20 Jan 2023,Nice environment,https://www.glassdoor.co.in/Reviews/Employee-Review-Ambuja-Cements-RVW72835780.htm,Anonymous employee,"Current employee, more than 1 year",Butwāl,,,It's employees friendly and provide maximum.salary,It's a little bit harsh on employee,Show more
5.0,6 Oct 2022,Good Organisation to learn and grow,https://www.glassdoor.co.in/Reviews/Employee-Review-Ambuja-Cements-RVW69854590.htm,Supply chain manager,"Former employee, more than 3 years",,,,"Open work culture
Supportive team
Good learning environment",None as such which can be considered a Con,Show more
1.0,26 Sept 2022,Its a good company,https://www.glassdoor.co.in/Reviews/Employee-Review-Ambuja-Cements-RVW69466852.htm,Senior manager,Current employee,,"Good locations, good facilities for residence","Bad management, biased upper management",,,
5.0,14 Feb 2022,Nice Company to work for,https://www.glassdoor.co.in/Reviews/Employee-Review-Ambuja-Cements-RVW59628887.htm,Project manager,Current employee,,Very good salary at the company,transfers at the company .,,,
3.0,27 Jun 2012,The old and the leader of cement industry,https://www.glassdoor.co.in/Reviews/Employee-Review-Ambuja-Cements-RVW1661812.htm,Tso,"Current employee, less than 1 year",,,,The product is unbeatable and the company is very strong in it's base. There is so much that one can't summarize in this small space but in and all company is very strong in it's basic rules and regulations which brought it to this far.,Always being rigid doesn't help help to climb up. Sometimes it's good but when they are lots and lots of fox in the market you can't be a lion to roar because sometimes these fox can tear you down.,Show more
4.0,10 Jun 2012,Work-life Balance is good.,https://www.glassdoor.co.in/Reviews/Employee-Review-Ambuja-Cements-RVW1582049.htm,Technical officer,"Current employee, more than 1 year",,,,A big pronounced Company to work with. Work culture is very good... Opportunity is to be cracked whenever U asked to be delivered...then sky will be the limit.,Job Timing is too lengthy. Marketting based company so Technical have to be worked hard to focused their effort.,Show more
5.0,17 Apr 2019,"office administrator role, sales & customer support and HSE executive role.",https://www.glassdoor.co.in/Reviews/Employee-Review-Ambuja-Cements-RVW25720309.htm,Administrative & ohs executive,"Former employee, more than 3 years","Manchester, England",,,Well established company with very good standards and employee friendly.,"Partiality and arrogant behaviour by some of line managers. However, we cannot blame whole organisation for the same.",Show more
5.0,1 Aug 2012,here safety of employee is more important than any other things,https://www.glassdoor.co.in/Reviews/Employee-Review-Ambuja-Cements-RVW1797370.htm,Anonymous employee,Current employee,,,,"Very systematic approach for increment, rotation of jobs and safety of employee",You have to work hard but enjoy your job,Show more
5.0,2 Oct 2012,Being a Very Great Experience,https://www.glassdoor.co.in/Reviews/Employee-Review-Ambuja-Cements-RVW2009548.htm,Anonymous employee,Former employee,,Best reason to work in Ambuja is the Culture,The worst and downside in Ambuja is Favoritism and Higher Hieracgy pressure,,,
3.0,29 Oct 2017,Engineer for 2.5 years,https://www.glassdoor.co.in/Reviews/Employee-Review-Ambuja-Cements-RVW17618418.htm,Anonymous employee,Former employee,,"Family type environment, company is trying to adapt to more interactive work culture","Unfair salary policies, rigid hierarchy, office culture biased against women",,,
3.0,1 Sept 2013,Good,https://www.glassdoor.co.in/Reviews/Employee-Review-Ambuja-Cements-RVW3000653.htm,Anonymous intern,Former intern,,,,"Good environment,great ethics, lots off opportunities",Senior level politics still rears its ugly head time to time,Show more
4.0,2 Jun 2020,Good Company to work for in long run,https://www.glassdoor.co.in/Reviews/Employee-Review-Ambuja-Cements-RVW33486348.htm,Assistant manager,"Former employee, more than 1 year",,,,"package, employee benefits, open approach","Sometimes, can be boring and bit repetitive",Show more
5.0,11 Jan 2022,Great,https://www.glassdoor.co.in/Reviews/Employee-Review-Ambuja-Cements-RVW57752582.htm,Technical officer,"Former employee, less than 1 year",,"Flexibility, culture, people, stable, nice","Salary, Travel, competency, seniors, clarity of job",,,
3.0,10 Oct 2020,good company,https://www.glassdoor.co.in/Reviews/Employee-Review-Ambuja-Cements-RVW36967389.htm,Product manager,Former employee,Feni,good enviromnment to work on,bad environment to work on,,,