"review-details_overallRating__VDxCx","timestamp_reviewDate__wvu2v","review-details_detailsLink__NxIv5","review-details_detailsLink__NxIv5 href","review-details_employee__5iA6v","review-details_employeeDetails__BvAwX","review-details_location__E_Ine","review-details_isExpanded__bLJng","review-details_isExpanded__bLJng 2","review-details_isCollapsed__Bsg_9","review-details_isCollapsed__Bsg_9 2","expand-button_ExpandButton__FlBlZ"
"5.0","17 Sept 2023","Great place to work","https://www.glassdoor.co.in/Reviews/Employee-Review-Interglobe-Aviation-RVW80153196.htm","Assistant manager","Former employee, more than 1 year","Gurgaon, Haryana","Great place to work. Good team, good employee benefits.","Management rotation is frequent. Need to stabilise.","","",""
"3.0","11 Sept 2024","Salary","https://www.glassdoor.co.in/Reviews/Employee-Review-Interglobe-Aviation-RVW90904623.htm","Captain a320","Current employee, more than 8 years","New Delhi","Stable organisation with bright future","Hectic schedule with high pressure work environment","","",""
"4.0","26 Jul 2024","A friendly company for beginners","https://www.glassdoor.co.in/Reviews/Employee-Review-Interglobe-Aviation-RVW89512295.htm","Cabin attendant","Former employee","New Delhi","","","1. If you are starting out as Cabin attendant career, Indigo is a good place to learn the essence of aviation industry
2. the colleagues you will find everyday are helpful and kind","1, The pay is less in relation to the amount of input that you'd be giving
2. The work hours are crazy specially for short sector hauls.","Show more"
"3.0","1 Aug 2024","Customer Support Executive","https://www.glassdoor.co.in/Reviews/Employee-Review-Interglobe-Aviation-RVW89688083.htm","Customer service","Former employee, more than 3 years","Mumbai","","","Staff travel facilities
Meeting different kind of customers every minute","Hectic schedule
Difficulty to obtain leave","Show more"
"4.0","8 Jul 2024","Good company","https://www.glassdoor.co.in/Reviews/Employee-Review-Interglobe-Aviation-RVW88931900.htm","Senior executive","Current employee, more than 1 year","Gurgaon, Haryana","","","No pressure on timing
Salary normal 
Stability","Not give hike
Toxic culture","Show more"
"4.0","20 Mar 2024","My honest review","https://www.glassdoor.co.in/Reviews/Employee-Review-Interglobe-Aviation-RVW85518559.htm","Flight instructor/commercial pilot","Current employee","","Very organised airline with all procedures in place .","Flying can be hectic most of the times . Limited types of contracts available now .","","",""
"4.0","24 Jan 2024","Life in Company","https://www.glassdoor.co.in/Reviews/Employee-Review-Interglobe-Aviation-RVW83708564.htm","Airline pilot","Current employee","","","","Management and line operation general communication","Work life balance
Minimum rest operations","Show more"
"3.0","23 Sept 2023","...","https://www.glassdoor.co.in/Reviews/Employee-Review-Interglobe-Aviation-RVW80338767.htm","Senior executive","Current employee, more than 5 years","Vāranāsi","Staff travel Trainings Meeting new people","No work life balance No festivals to celebrate No proper breaks","","",""
"4.0","14 Sept 2023","Good","https://www.glassdoor.co.in/Reviews/Employee-Review-Interglobe-Aviation-RVW80054325.htm","Security officer","Former employee","","It was a good job role","I did not felt any Corns while working there","","",""
"3.0","28 Apr 2023","Customer service","https://www.glassdoor.co.in/Reviews/Employee-Review-Interglobe-Aviation-RVW75941476.htm","Customer service officer","Current employee","","","","Iwant travel concession for you and family to roam around you can go for this job, If it is first job then go enjoy with corporate culture and chances you may see celibrity.","Night shift, rotational shifts, last minute pullout may be and no hikes for years, pressure and school like questions for employees. Very sensitive work should be vigilant all the time or else you are answerable you can't do work just like that","Show more"
"2.0","11 Sept 2023","Average","https://www.glassdoor.co.in/Reviews/Employee-Review-Interglobe-Aviation-RVW79941374.htm","Manager","Current employee, more than 8 years","Gurgaon, Haryana","Travel benefits Stability in job","No work life balance More work Low salary","","",""
"4.0","3 Jul 2023","Stable job, need to be very very hard working","https://www.glassdoor.co.in/Reviews/Employee-Review-Interglobe-Aviation-RVW77917459.htm","Inflight supervisor","Former employee","New Delhi","","","+ it was good to work with Indigo if you’re working as a senior but they don’t value juniors","- If you are a junior, prepare to be hard working","Show more"
"3.0","3 Jul 2023","Officer - Security","https://www.glassdoor.co.in/Reviews/Employee-Review-Interglobe-Aviation-RVW77908928.htm","Security officer/security guard","Former employee, more than 1 year","Coimbatore","","","Flight ticket is free for employee","One day week off not it in weekdays. You have to work in sun and rain. Stressful management & managers. No leave are not approved. Don't have a correct package for the working person","Show more"
"5.0","31 Jul 2023","Awesome Company","https://www.glassdoor.co.in/Reviews/Employee-Review-Interglobe-Aviation-RVW78732931.htm","Sr manager it","Current employee","Gurgaon, Haryana","","","Unlimited Free Travel to IndiGo Destinations for the employee and family members","Nothing such to be worried about","Show more"
"4.0","20 Jun 2023","The people are great and talented and Fun place to work I enjoyed it immensely I would recommend it to anyone","https://www.glassdoor.co.in/Reviews/Employee-Review-Interglobe-Aviation-RVW77538833.htm","Qa manual tester","Current employee","","Remote, Benefits (particularly health insurance), People, Technology","industry is hot when it's strong and very cold when not, Subject to layoffs - two have occurred in the last 2 years","","",""
"4.0","15 Aug 2023","Culture","https://www.glassdoor.co.in/Reviews/Employee-Review-Interglobe-Aviation-RVW79150915.htm","Associate director","Current employee, more than 5 years","New Delhi","Culture Great benefits Industry Financials","Salary Employee value Work pressure","","",""
"4.0","24 Jul 2023","Great place to work with","https://www.glassdoor.co.in/Reviews/Employee-Review-Interglobe-Aviation-RVW78534791.htm","Distribution","Current employee, more than 1 year","Gurgaon, Haryana","Great place to get exposure with a decent work life balance","Pays lesser than the standard industry standard","","",""
"5.0","7 Aug 2023","na","https://www.glassdoor.co.in/Reviews/Employee-Review-Interglobe-Aviation-RVW78944995.htm","Anonymous employee","Current employee","Ahmedabad","yes good for freshers at all","none of any good too","","",""
"4.0","30 Jul 2023","nothing to say","https://www.glassdoor.co.in/Reviews/Employee-Review-Interglobe-Aviation-RVW78705961.htm","Cabin attendant","Current employee","","it should me more quick to do.","helpful in ways to get jobs quickly.","","",""
"2.0","22 Jun 2023","Ok if you like a/c","https://www.glassdoor.co.in/Reviews/Employee-Review-Interglobe-Aviation-RVW77611788.htm","Executive - aocs","Former employee, more than 3 years","Indore","","","A/c SLT Continuous work Training","Health issues Less resources No proper guidance to grow Everything is employees' fault","Show more"
"5.0","13 Jul 2023","Captain A320/321","https://www.glassdoor.co.in/Reviews/Employee-Review-Interglobe-Aviation-RVW78241376.htm","Captain","Current employee, more than 3 years","Gurgaon, Haryana","Great Admin Backup and backend support","Hectic schedules and long work hours","","",""
"4.0","27 Jun 2023","Best Place to work","https://www.glassdoor.co.in/Reviews/Employee-Review-Interglobe-Aviation-RVW77765322.htm","Aircraft technician","Former employee, more than 3 years","Bengaluru","Work Environment New Learning New Opportunities","Salary Toolings etc etc etc","","",""
"5.0","9 Jun 2023","Had an amazing time","https://www.glassdoor.co.in/Reviews/Employee-Review-Interglobe-Aviation-RVW77238441.htm","Senior cabin crew","Current employee","","","","Amazing accountability, growing, strategic, planning, management.","Changes in inflight services, food services,more inflight entertainments,fares, expansion","Show more"
"3.0","20 Jun 2023","Exhausting","https://www.glassdoor.co.in/Reviews/Employee-Review-Interglobe-Aviation-RVW77559800.htm","Executivo","Current employee","","Staff Travel facility for the employees and their family members","Exhausting job profile, less pay","","",""
"3.0","22 Jun 2023","Good job opportunities","https://www.glassdoor.co.in/Reviews/Employee-Review-Interglobe-Aviation-RVW77628828.htm","Security officer","Former employee, more than 5 years","Mumbai","Opportunities for overall career growth","Limited staff ...stressful situations mostly","","",""
"2.0","7 Jun 2023","Customer service","https://www.glassdoor.co.in/Reviews/Employee-Review-Interglobe-Aviation-RVW77165962.htm","Officer ao cs","Former employee, more than 1 year","Calcutta","","","Worst work culture in Kolkata station","Few good people' are running the show","Show more"
"5.0","13 Jun 2023","Customer service","https://www.glassdoor.co.in/Reviews/Employee-Review-Interglobe-Aviation-RVW77345685.htm","Customer service representative","Former employee, more than 3 years","Chennai","Good place to work nice environment","Good place but less salary","","",""
"3.0","31 May 2023","All good","https://www.glassdoor.co.in/Reviews/Employee-Review-Interglobe-Aviation-RVW76931693.htm","Captain","Current employee","","","","Fast career growth and lot of potential for career progression","Hectic life.Difficult work life balance","Show more"
"3.0","7 May 2023","not a bad company","https://www.glassdoor.co.in/Reviews/Employee-Review-Interglobe-Aviation-RVW76203802.htm","Performance engineer","Former employee, more than 5 years","Gurgaon, Haryana","","","not a bad company to work with","salaries are not good as compared to industry standrd","Show more"
"4.0","26 May 2023","Good company","https://www.glassdoor.co.in/Reviews/Employee-Review-Interglobe-Aviation-RVW76802973.htm","Security officer","Former employee","North Goa","Work culture is good and","Low pay and no bonus","","",""
"5.0","3 May 2023","Working as security officer","https://www.glassdoor.co.in/Reviews/Employee-Review-Interglobe-Aviation-RVW76094830.htm","Aviation security officer","Current employee","","You get to know everything about the aviation industry.","Very less remuneration compared to other profession.","","",""
"5.0","11 May 2023","Going well","https://www.glassdoor.co.in/Reviews/Employee-Review-Interglobe-Aviation-RVW76335874.htm","Aviation/customer service executive","Current employee","","Best class treatment. Satisfied work culture","Odd timings salary issue lack of growth","","",""
"4.0","12 May 2023","Good opportunity for career growth","https://www.glassdoor.co.in/Reviews/Employee-Review-Interglobe-Aviation-RVW76373099.htm","Junior technician","Current employee","Patna, Bihar","Good working culture Team work","I don't find any downside","","",""
"1.0","13 Apr 2023","Worst organisation to work with","https://www.glassdoor.co.in/Reviews/Employee-Review-Interglobe-Aviation-RVW75454315.htm","Airport operations","Former employee, more than 5 years","Patna, Bihar","","","You can get a job with a lower qualification as low as a higher secondary school pass out","No work life balance, No fixed schedule, Internal politics, Run by manager or so called leader who don't want to work at all, Worst part is low salary, Egoistic adminstration Bullying","Show more"
"3.0","5 May 2023","Good","https://www.glassdoor.co.in/Reviews/Employee-Review-Interglobe-Aviation-RVW76166502.htm","Cabin crew","Current employee, more than 5 years","New Delhi","Growth opportunity Get to see many destination","Work life balance hectic scheduel","","",""
"4.0","29 Apr 2023","Na","https://www.glassdoor.co.in/Reviews/Employee-Review-Interglobe-Aviation-RVW75953984.htm","Executive - airport operations and customer service","Current employee","","Good Working Environment in the office","Less salary according to the nature of work","","",""
"3.0","6 May 2023","Company review","https://www.glassdoor.co.in/Reviews/Employee-Review-Interglobe-Aviation-RVW76169958.htm","Sr executive operations","Current employee, more than 3 years","","Staff flight ticket for travel","Low pay compared to work","","",""
"4.0","10 Apr 2023","Work environment","https://www.glassdoor.co.in/Reviews/Employee-Review-Interglobe-Aviation-RVW75353202.htm","Cabin crew","Current employee, more than 3 years","Gurgaon, Haryana","","","Organized, growth opportunity, learning opportunity","Strict and pay could have been better according to the load.","Show more"
"4.0","20 Apr 2023","information security analyst","https://www.glassdoor.co.in/Reviews/Employee-Review-Interglobe-Aviation-RVW75679722.htm","Information security analyst","Former employee","","Daily new experience excited to work","no work life balance odd working hours","","",""
"3.0","18 Apr 2023","Finance profile","https://www.glassdoor.co.in/Reviews/Employee-Review-Interglobe-Aviation-RVW75595886.htm","Senior executive","Former employee, more than 5 years","Gurgaon, Haryana","","","Good environment, people, policies, good company.","Salary, work life, growth, employee centric","Show more"
"5.0","16 Feb 2023","Skipper","https://www.glassdoor.co.in/Reviews/Employee-Review-Interglobe-Aviation-RVW73677615.htm","Anonymous employee","Former employee, more than 1 year","Hyderābād","","","The company was really good to work because I saw the red tape in this company , red tape in the sense managers and other employees all have the equal rights","I dont feel that this company have cons basically everything was good their","Show more"
"4.0","9 Mar 2023","Pay Scale at Interglobe Aviation LTd","https://www.glassdoor.co.in/Reviews/Employee-Review-Interglobe-Aviation-RVW74338493.htm","Customer service representative","Former employee, less than 1 year","Bengaluru","The culture is good and the benefits of working in this industry are huge","odd working hours(mostly night shifts), pay scale was low, pressure of work","","",""
"3.0","10 Apr 2023","Good","https://www.glassdoor.co.in/Reviews/Employee-Review-Interglobe-Aviation-RVW75349852.htm","Anonymous employee","Former employee","","No pressure working environment Physically active","less Salary compare to working hour","","",""
"5.0","26 Feb 2023","Good place to work","https://www.glassdoor.co.in/Reviews/Employee-Review-Interglobe-Aviation-RVW73994440.htm","Pilot, first officer","Current employee, more than 1 year","Mumbai","","","So it was a fun experience working here","Flights get delay more frequently than any other airlines operating in india","Show more"
"4.0","18 Mar 2023","Amazing work experience","https://www.glassdoor.co.in/Reviews/Employee-Review-Interglobe-Aviation-RVW74636274.htm","Customer service officer","Current employee","","Healthy work environment Supportive staff Multi flights to operate","After covid international flights discontinued Not muc exposure in perspective of growth","","",""
"4.0","1 Mar 2023","Great Opportunity For Future Growth","https://www.glassdoor.co.in/Reviews/Employee-Review-Interglobe-Aviation-RVW74114682.htm","Security officer","Current employee","","Exposure to different kinds of works and adding of experience to your profile","Stressful, and less time for yourself due to tiredness after working","","",""
"2.0","31 Mar 2023","Headlines","https://www.glassdoor.co.in/Reviews/Employee-Review-Interglobe-Aviation-RVW75071535.htm","Security officer","Former employee, less than 1 year","Chennai","Staff leisure travel is pro","Rotational shifts are cons for","","",""
"4.0","13 Mar 2023","Best airline","https://www.glassdoor.co.in/Reviews/Employee-Review-Interglobe-Aviation-RVW74451281.htm","Quality engineer","Current employee, more than 8 years","New Delhi","","","Great place to work in aviation","Lower salary structure for old people","Show more"
"4.0","7 Mar 2023","Glad to part of the company","https://www.glassdoor.co.in/Reviews/Employee-Review-Interglobe-Aviation-RVW74289223.htm","Officer security","Current employee","","Salary on time Excellent management","Poltics in between the employee","","",""
"1.0","24 Apr 2023","nope","https://www.glassdoor.co.in/Reviews/Employee-Review-Interglobe-Aviation-RVW75777119.htm","Customer service","Current employee","","uniform allowance, cab facility, 2 weekoffs","odd shift hours, long work hours, no holidays, extremely boring work","","",""
"2.0","13 Feb 2023","Downfall since Covid","https://www.glassdoor.co.in/Reviews/Employee-Review-Interglobe-Aviation-RVW73576715.htm","Sales manager","Former employee, more than 3 years","","Decent salary package in terms of other companies jn the industry","No work life balance Too much politics Less growth","","",""
"3.0","9 Feb 2023","Good for freshers","https://www.glassdoor.co.in/Reviews/Employee-Review-Interglobe-Aviation-RVW73481511.htm","Cabin crew member","Current employee, more than 5 years","New Delhi","Layover allowance International layover allowance Bonus per year","Hectic schedule Minimum offs More sectors less block hours","","",""
"3.0","19 Nov 2022","Only good if little experience is needed for a boost","https://www.glassdoor.co.in/Reviews/Employee-Review-Interglobe-Aviation-RVW71236553.htm","Customer service officer","Current employee","","","","Amazing work environment, always motivated to learn something new.","Way too much work pressure, Less salary.","Show more"
"3.0","13 Dec 2022","It was fine","https://www.glassdoor.co.in/Reviews/Employee-Review-Interglobe-Aviation-RVW71822850.htm","Ramp officer","Former employee","","Good working conditions at the company","Company will not care about you as much as you care about the company","","",""
"5.0","14 Dec 2022","It's very good company for freshers","https://www.glassdoor.co.in/Reviews/Employee-Review-Interglobe-Aviation-RVW71853387.htm","Security officer","Current employee, less than 1 year","Calcutta","Good for freshers and lot of learning and free training","Lot of pressure Low salary","","",""
"5.0","12 Dec 2022","NA","https://www.glassdoor.co.in/Reviews/Employee-Review-Interglobe-Aviation-RVW71798111.htm","Executive security","Former employee, more than 1 year","Patna Rural","Good working environment. If u like to travel it's great place to work","Multiple rotational shift with a month","","",""
"5.0","15 Nov 2022","indigo is a very good brand and hassle free company","https://www.glassdoor.co.in/Reviews/Employee-Review-Interglobe-Aviation-RVW71097040.htm","Finance and accounting","Current employee","","","","brand and employee friendly company","no any major challenges in the organization","Show more"
"2.0","5 Dec 2022","Finance","https://www.glassdoor.co.in/Reviews/Employee-Review-Interglobe-Aviation-RVW71618456.htm","Assistant manager","Former employee, more than 1 year","","","","good office, ELT facility, Brand name, Proper HR policies","Aggressive management Very stringent deadlines","Show more"
"5.0","29 Nov 2022","Great work culture","https://www.glassdoor.co.in/Reviews/Employee-Review-Interglobe-Aviation-RVW71479175.htm","Customer service specialist","Former employee","","Employee friendly and always growing","Nothing that I can share as per my experience","","",""
"3.0","6 Dec 2022","Finance","https://www.glassdoor.co.in/Reviews/Employee-Review-Interglobe-Aviation-RVW71649973.htm","Finance","Current employee","","Good company , policies, environment","Growth,pay, work life balance , bosses","","",""
"5.0","31 Oct 2022","Great place to worm","https://www.glassdoor.co.in/Reviews/Employee-Review-Interglobe-Aviation-RVW70636403.htm","Anonymous employee","Former employee","","Great place for understanding human psyche.","Maintaing work balance is difficult.","","",""
"3.0","25 Oct 2022","Good organization","https://www.glassdoor.co.in/Reviews/Employee-Review-Interglobe-Aviation-RVW70467014.htm","Anonymous employee","Former employee","","Good place to work as the management team is supportive","Lot of pressure with frequent roster changes","","",""
"5.0","13 Oct 2022","Xyz","https://www.glassdoor.co.in/Reviews/Employee-Review-Interglobe-Aviation-RVW70135007.htm","Crew","Current employee","","Very good airline to work with","Very less salary compared to work we do","","",""
"5.0","4 Oct 2022","Indigo Airlines","https://www.glassdoor.co.in/Reviews/Employee-Review-Interglobe-Aviation-RVW69741017.htm","Assistant manager","Current employee","","Always affordable, on-time and hassle-free.","Nil cons so far. In the heart of the city.","","",""
"3.0","27 Sept 2022","Politics","https://www.glassdoor.co.in/Reviews/Employee-Review-Interglobe-Aviation-RVW69531480.htm","Anonymous employee","Former employee","","Good company to work for and learn","Old people are political and don’t give chance to grow to new ones","","",""
"1.0","12 Mar 2022","Pathetic place to work","https://www.glassdoor.co.in/Reviews/Employee-Review-Interglobe-Aviation-RVW61017376.htm","Senior cabin attendant","Former employee, more than 5 years","Chennai","","","On time salary
unlimited Staff travel","Minimum rest between two flights, Health is badly hampered, Favoritism at the base, no international layover allowance now, other flying allowance such as layover allowance and Stand by allowance is become almost negligiable, No consideration for travel time for crew staying in the outskirts of the city, 
off days reducted to half so Crew literally have no social life as their off goes in resting after a long tiring flight.
management doesnt bother if the employees are unhappy. their only motive is profit making at the stake of the employee's physical and mental health.

Base management are equally under same pressure. No one wants to lose their jobs.","Show more"
"4.0","9 Oct 2022","Groundstaff","https://www.glassdoor.co.in/Reviews/Employee-Review-Interglobe-Aviation-RVW69945070.htm","Anonymous employee","Former employee","","New Adventure and no sales role.","Rotational shift and no growth.","","",""
"4.0","29 Jun 2022","In Airport operations","https://www.glassdoor.co.in/Reviews/Employee-Review-Interglobe-Aviation-RVW66089988.htm","Customer service officer","Former employee, more than 1 year","New Delhi","","","You will learn a lot and will be able to work under very high pressure from flights and customers.
You'll get very cheap flight tickets for you and your family.","Promotions and salary hikes take a lot of time in this organization for the initial level, and it's a highly competitive job.","Show more"
"5.0","22 Sept 2022","GOOD","https://www.glassdoor.co.in/Reviews/Employee-Review-Interglobe-Aviation-RVW69359843.htm","Associate director - it","Current employee, more than 8 years","Gurgaon, Haryana","GREAT PLACE TO WORK..Employee Enjoy","NOT SPECIFIC, there is nothing to say","","",""
"4.0","24 Sept 2022","Work culture","https://www.glassdoor.co.in/Reviews/Employee-Review-Interglobe-Aviation-RVW69413791.htm","Anonymous employee","Former employee, more than 3 years","","","","Good environment
Supporting team
Work life balance","No such negative feedback here","Show more"
"3.0","20 Sept 2022","Na","https://www.glassdoor.co.in/Reviews/Employee-Review-Interglobe-Aviation-RVW69271162.htm","Cabin attendant","Former employee, more than 1 year","Hyderābād","Good company to work withh","Not applicable here at all","","",""
"4.0","9 Sept 2022","M","https://www.glassdoor.co.in/Reviews/Employee-Review-Interglobe-Aviation-RVW68874830.htm","Ramp supervisor","Current employee","New Delhi","Environment is very good to work","There is rotational shift in aviation","","",""
"5.0","20 Jul 2022","Aircraft Maintenance Technician","https://www.glassdoor.co.in/Reviews/Employee-Review-Interglobe-Aviation-RVW66964156.htm","Aircraft maintenance technician","Current employee","","","","A perfect launchpad for an Aircraft Maintenance Technician to grow up in his career","Recent Attitude towards by the company towards their employees.","Show more"
"2.0","24 Aug 2022","Airline","https://www.glassdoor.co.in/Reviews/Employee-Review-Interglobe-Aviation-RVW68318262.htm","Executive security","Current employee, more than 5 years","Madurai","Only show off as airport staff","Dry growth less salary and very less increment no work life balance","","",""
"1.0","4 Mar 2022","Worst set of people and orthodox mentality","https://www.glassdoor.co.in/Reviews/Employee-Review-Interglobe-Aviation-RVW60643825.htm","Executive","Former employee, more than 1 year","Gurgaon, Haryana","","","Staff leisure travel is the only good thing","Orthodox Mentality 
More number of aged people work at the management who are not willing to work as per the current changing scenario 
AM’s and above are very adamant to change their way of working
Rude behaviour with subordinate and zero support for new joiners
There is nothing called as work life balance
Also no trainings are given to a new joiner and they expect you to work like slaves day and night
Worst organisation to work for","Show more"
"3.0","21 Aug 2022","Company is getting worse day by day","https://www.glassdoor.co.in/Reviews/Employee-Review-Interglobe-Aviation-RVW68156573.htm","Senior executive operations","Current employee","","Nothing to say as such","So much to say in this","","",""
"4.0","19 Jul 2022","Good","https://www.glassdoor.co.in/Reviews/Employee-Review-Interglobe-Aviation-RVW66910754.htm","Cabin crew","Former employee, more than 3 years","New Delhi","","","Salary, Layover, Black and white Sop’s make things easy","Minimum rest flying at almost red eye flights","Show more"
"3.0","21 Aug 2022","Very low Salary increment","https://www.glassdoor.co.in/Reviews/Employee-Review-Interglobe-Aviation-RVW68155139.htm","Customer service executive","Former employee, more than 3 years","","Free flight tickets for family","Very low to nil salary increment","","",""
"5.0","1 Aug 2022","Employee Friendly Work Culture","https://www.glassdoor.co.in/Reviews/Employee-Review-Interglobe-Aviation-RVW67379835.htm","Senior manager, operations","Current employee","","","","Always support the employees in their career growth.
Good work life balance","Everything is excellent and well planned","Show more"
"3.0","12 Aug 2022","AME","https://www.glassdoor.co.in/Reviews/Employee-Review-Interglobe-Aviation-RVW67861605.htm","Aircraft maintenance engineer","Former employee","","","","Good policies  on paper
Growth opportunities
IJPs","Work Life balance is gone for a toss","Show more"
"2.0","27 May 2022","Low cost airline creating travel revolution.","https://www.glassdoor.co.in/Reviews/Employee-Review-Interglobe-Aviation-RVW64788203.htm","Airport operations and customer services","Former employee, more than 1 year","Chennai","","","Air ticket facility.
Insurance facilities.
Social reputation.","Lowest Salary.
24*7 Shifts, 
Shift Allocations.
Non-Cooperation with Employees.
Unsupportive Managers.","Show more"
"2.0","23 May 2022","Won't recommend","https://www.glassdoor.co.in/Reviews/Employee-Review-Interglobe-Aviation-RVW64556159.htm","Senior executive","Current employee, more than 5 years","Bhopal","","","You will salary on time that's it","No personal life and zero work life balance and red tape everywhere","Show more"
"5.0","14 Jul 2022","Customer Service Officer","https://www.glassdoor.co.in/Reviews/Employee-Review-Interglobe-Aviation-RVW66680426.htm","Anonymous employee","Former employee","","Very good work environment and friendly peers.","Long working hours and fluctuating shifts","","",""
"5.0","2 Jul 2022","A good career option and good pay","https://www.glassdoor.co.in/Reviews/Employee-Review-Interglobe-Aviation-RVW66226477.htm","Security","Current employee, less than 1 year","","Can learn lots of things.","High competition in the job","","",""
"2.0","17 Jun 2022","Dont join this company","https://www.glassdoor.co.in/Reviews/Employee-Review-Interglobe-Aviation-RVW65693077.htm","Assistant manager","Current employee, more than 3 years","Gurgaon, Haryana","","","Team coordination and healthy environment","Low salary. No increment. Low chances of promotion.paying peanuts.","Show more"
"3.0","4 Jun 2022","Aircraft maintenance technician","https://www.glassdoor.co.in/Reviews/Employee-Review-Interglobe-Aviation-RVW65089203.htm","Aircraft technician","Current employee, more than 3 years","Hyderābād","","","Best place to learn work","Very less salary for mechanics","Show more"
"3.0","23 May 2022","Job for beginners","https://www.glassdoor.co.in/Reviews/Employee-Review-Interglobe-Aviation-RVW64542414.htm","Executive security","Current employee, more than 5 years","","","","Good customer exposure and nice training.","Salary and work environment. Growth is very slow.","Show more"
"2.0","1 May 2022","average company","https://www.glassdoor.co.in/Reviews/Employee-Review-Interglobe-Aviation-RVW63524007.htm","Airline pilot","Former employee","","automatic process completion of tasks makes things less human centric","no personal touch but lots ofin place processes to show that personal touch. harsh actions with no space for appeal","","",""
"4.0","8 Jun 2022","Amazing journey","https://www.glassdoor.co.in/Reviews/Employee-Review-Interglobe-Aviation-RVW65265165.htm","Lead cabin attendant","Current employee, more than 8 years","New Delhi","","","Five star hotels
Good salary
Staff travel","No fixed shifts
Night flights
Roster changes","Show more"
"4.0","17 Apr 2022","Looking for a job in Aviation sector in Dubai","https://www.glassdoor.co.in/Reviews/Employee-Review-Interglobe-Aviation-RVW62884563.htm","Customer service executive","Current employee","","","","greeting the customers 
keep smiling 
being patience and
being responsible to my work","always want to learn unknown things or work quickly","Show more"
"4.0","10 May 2022","good","https://www.glassdoor.co.in/Reviews/Employee-Review-Interglobe-Aviation-RVW63908099.htm","Anonymous employee","Current employee, more than 3 years","","good organization, good staff, well maintained organization, ontime salary","less pay, huge employees makes less opportunities","","",""
"5.0","17 May 2022","NA","https://www.glassdoor.co.in/Reviews/Employee-Review-Interglobe-Aviation-RVW64271729.htm","Senior licensed technician","Current employee","","Great place to learn more","Nothing is there for the con","","",""
"5.0","19 May 2022","Dedicated","https://www.glassdoor.co.in/Reviews/Employee-Review-Interglobe-Aviation-RVW64417412.htm","Ground handling","Current employee","","Efficient worker with time management","Team building and coordinating colleagues","","",""
"5.0","13 Feb 2022","Excellent growth for company","https://www.glassdoor.co.in/Reviews/Employee-Review-Interglobe-Aviation-RVW59613216.htm","Assistant manager flight dispatch","Former employee, more than 8 years","Gurgaon, Haryana","","","Probably the best aviation company till date in India having vast growth in market.","internal growth for employees is slow and upto some extent very cramp.","Show more"
"3.0","3 May 2022","Competent yet stressful","https://www.glassdoor.co.in/Reviews/Employee-Review-Interglobe-Aviation-RVW63583682.htm","Airline captain","Current employee","","Well structured, on time salary.","Pushes boundaries of flight duty, fatiguing job with not much incentive.","","",""
"3.0","24 Feb 2022","Security department","https://www.glassdoor.co.in/Reviews/Employee-Review-Interglobe-Aviation-RVW60212852.htm","Executive security","Current employee, more than 3 years","Mumbai","","","Rotational shift ,work life balance , 2 week offs , gets leaves when asked,travel benefits ,not lot of work stress,helpful work environment","No growth,no salary increment,management least bothered about employees only customer satisfaction ,long working hours,no fixed break timings ,no job guarantee","Show more"
"3.0","5 May 2022","Pros and coms","https://www.glassdoor.co.in/Reviews/Employee-Review-Interglobe-Aviation-RVW63684526.htm","Anonymous employee","Current employee, more than 3 years","","Good place to growth your career","Lots of cons than pros","","",""
"5.0","19 Apr 2022","New Joinee","https://www.glassdoor.co.in/Reviews/Employee-Review-Interglobe-Aviation-RVW62997159.htm","Junior technical officer","Current employee, more than 5 years","New Delhi","Very good work culture, Great learning opportunities & growth","No for this role and for beginners","","",""
"5.0","25 Apr 2022","Assistant Manager-Customer Relations","https://www.glassdoor.co.in/Reviews/Employee-Review-Interglobe-Aviation-RVW63235604.htm","Assistant manager - customer relations","Current employee, more than 5 years","Gurgaon, Haryana","Everything is good here for employees","Nothing is bad here for employees","","",""
"5.0","11 Apr 2022","Great place to work","https://www.glassdoor.co.in/Reviews/Employee-Review-Interglobe-Aviation-RVW62591523.htm","Lead cabin attendant","Former employee","","You get staff leisure travel","Don't get many leaves or holidays","","",""
"3.0","7 Apr 2022","Checking the manual","https://www.glassdoor.co.in/Reviews/Employee-Review-Interglobe-Aviation-RVW62412454.htm","Avation line technician","Current employee","","","","Challenging to learn 
Ability to work under pressure","Salary is less 
Growth is less","Show more"
"1.0","4 Jun 2022","Worst service towards employee","https://www.glassdoor.co.in/Reviews/Employee-Review-Interglobe-Aviation-RVW65081536.htm","Officer","Current employee, more than 3 years","New Delhi","","","Freshers can apply in easy way","Salary is the main issue","Show more"
"1.0","19 May 2022","Blood Suckers","https://www.glassdoor.co.in/Reviews/Employee-Review-Interglobe-Aviation-RVW64420904.htm","Aircraft maintenance technician","Current employee, more than 3 years","New Delhi","","","Staff Leisure Travel on all domestic and international routes operated by Indigo.","Extremely poor pay
Immense work load 
Inadequate equipment and resources
Unreal targets and expectations","Show more"
"4.0","8 Apr 2022","Work culture","https://www.glassdoor.co.in/Reviews/Employee-Review-Interglobe-Aviation-RVW62481651.htm","Security executive","Former employee, more than 1 year","Hyderābād","","","Good staff interaction 
Manger are good","Growth is slow
Salary is low","Show more"
"3.0","28 Feb 2022","Ground staff","https://www.glassdoor.co.in/Reviews/Employee-Review-Interglobe-Aviation-RVW60385277.htm","Anonymous employee","Former employee","","","","Big company , good money  right on time","Hectic long hours , too much focus on looks","Show more"
"5.0","17 Mar 2022","Good…","https://www.glassdoor.co.in/Reviews/Employee-Review-Interglobe-Aviation-RVW61319331.htm","Customer service associate","Former employee","Hyderābād","","","A Excellent place to work.","Nothing in related to operations","Show more"
"3.0","26 Feb 2022","It's a good company to work in aviation field","https://www.glassdoor.co.in/Reviews/Employee-Review-Interglobe-Aviation-RVW60322641.htm","Logistics coordinator","Current employee","","Gets more knowledge of aviation and logistics","Shortage of staff in goa base","","",""
"5.0","14 Mar 2022","Work Place","https://www.glassdoor.co.in/Reviews/Employee-Review-Interglobe-Aviation-RVW61148778.htm","Assistant manager","Current employee, more than 8 years","Mumbai","Great Place to work. Excellect","Nil no cons for the company","","",""
"5.0","10 Feb 2022","Great place to work if you can avoid politics","https://www.glassdoor.co.in/Reviews/Employee-Review-Interglobe-Aviation-RVW59465109.htm","Accountant","Current employee, more than 3 years","","","","Expansion of business is growth to employees","Work load due to expansion","Show more"
"4.0","27 Jan 2022","Company is very good but Bangalore base managers have their brain in their knees","https://www.glassdoor.co.in/Reviews/Employee-Review-Interglobe-Aviation-RVW58636919.htm","Anonymous employee","Current employee, more than 1 year","Bengaluru","Staff travel, staff travel and staff travel","you will never get leave for fly home","","",""
"1.0","11 May 2022","Not good","https://www.glassdoor.co.in/Reviews/Employee-Review-Interglobe-Aviation-RVW64016440.htm","Worst company ever","Former employee, more than 3 years","","No pros except staff travel","No leaves, no salary work culture is pathetic no ethics","","",""
"5.0","30 Jan 2022","One of the top low cost airlines in the world","https://www.glassdoor.co.in/Reviews/Employee-Review-Interglobe-Aviation-RVW58790796.htm","Anonymous employee","Former employee, more than 3 years","","One of the best airlines in the world","Nothing specific con related to organization","","",""
"5.0","9 Feb 2022","Top airline in india","https://www.glassdoor.co.in/Reviews/Employee-Review-Interglobe-Aviation-RVW59357535.htm","Executive security","Current employee, more than 8 years","Mumbai","","","Consistency heading towards no.1 position in india","No ingreement from last 2 years","Show more"
"3.0","17 Feb 2022","Providing EU Support","https://www.glassdoor.co.in/Reviews/Employee-Review-Interglobe-Aviation-RVW59890730.htm","It executive","Current employee, more than 3 years","","On time salary, 5days working.","No timely growth, No good hikes, 24*7 working.","","",""
"4.0","19 Feb 2022","N. A","https://www.glassdoor.co.in/Reviews/Employee-Review-Interglobe-Aviation-RVW59980979.htm","Security executive","Current employee, more than 1 year","","","","Better environment., and good experience","Limited learning and growth opportunity","Show more"
"1.0","28 Apr 2022","Third class company","https://www.glassdoor.co.in/Reviews/Employee-Review-Interglobe-Aviation-RVW63389748.htm","Officer security","Current employee, more than 1 year","Ahmedabad","","","3rd class company for employees","No increment, no promotion, 
Nothing","Show more"
"5.0","20 Feb 2022","Good","https://www.glassdoor.co.in/Reviews/Employee-Review-Interglobe-Aviation-RVW60018408.htm","Associate technician","Former employee, less than 1 year","Calcutta","Well being Of staffs there","No cons in Interglobe aviation limited","","",""
"4.0","8 Feb 2022","Good work culture","https://www.glassdoor.co.in/Reviews/Employee-Review-Interglobe-Aviation-RVW59316569.htm","Executive","Former employee, more than 1 year","","Employee benefits are very good","Don’t provide cabs to routine employees","","",""
"5.0","17 Jan 2022","Nil","https://www.glassdoor.co.in/Reviews/Employee-Review-Interglobe-Aviation-RVW58058505.htm","Security officer","Former employee","Chennai","Best place to work awarded in the year 2018 and 2019","Irregular shift pattern, loads of pressure during IROP situation","","",""
"5.0","26 Oct 2021","Great airline to work with","https://www.glassdoor.co.in/Reviews/Employee-Review-Interglobe-Aviation-RVW54510823.htm","Security professional","Former employee","Cochin","","","Wide learning environment and advanced training","Salary pay is very low even compaired to other low budget airlines","Show more"
"2.0","9 Dec 2021","One of worst employers in Aviation","https://www.glassdoor.co.in/Reviews/Employee-Review-Interglobe-Aviation-RVW56483724.htm","Cargo officer","Current employee, less than 1 year","New Delhi","","","Just you are working with brand nothing else","NO LUNCH BREAK
NO WORK LIFE BALANCE
LOW SALARIES
BAD MANAGMENT
NO FACILITIES FOR EMPLOYEE 
YOU HAVE TO DO 5 MEN WORK OWN YOUR OWN
IT IS ONLY CUSTOMER CENTRIC COMPANY NOR EMPLOYEE  CENTEIC","Show more"
"2.0","12 Sept 2021","Nice company but yet do pay way less as compared to the hardwork demanded at work.","https://www.glassdoor.co.in/Reviews/Employee-Review-Interglobe-Aviation-RVW52428499.htm","Customer service officer","Current employee, more than 1 year","Mumbai","Is very good with all cultural activities among all the employees thats very chill to work.","Very hectic day on operations that is at the airport where the pay is yet not justified","","",""
"5.0","6 Dec 2021","Airport Operations & Customer Service","https://www.glassdoor.co.in/Reviews/Employee-Review-Interglobe-Aviation-RVW56288406.htm","Executive security","Former employee, more than 3 years","Mumbai","","","Staff travel 
only pay taxes and travel 
salary paid on time
professionalism","depends on person to person","Show more"
"4.0","30 Nov 2021","Good for perks and Salary but not culture wise","https://www.glassdoor.co.in/Reviews/Employee-Review-Interglobe-Aviation-RVW56069389.htm","Anonymous employee","Former employee, more than 3 years","Gurgaon, Haryana","","","Salary is amazing
Perks are great like free flights and all leaves","Growth depends on senior only 
No Culture","Show more"
"5.0","6 Dec 2021","Store incharge, Airport operations, Catering Services, team handling, customer services","https://www.glassdoor.co.in/Reviews/Employee-Review-Interglobe-Aviation-RVW56299636.htm","Assistant manager","Former employee, more than 10 years","New Delhi","","","Explore my skills, Good working environment, motivation.","Did Not found anything nagative.","Show more"
"4.0","26 Sept 2021","A good company to build or start your aviation carrier","https://www.glassdoor.co.in/Reviews/Employee-Review-Interglobe-Aviation-RVW53128002.htm","Executive security","Current employee, more than 3 years","Cochin","","","It's a leading company in Indian aviation industry..comparitively a good salary","Heavy work load...No increment in last 3 years","Show more"
"3.0","19 Dec 2021","It was great experience to work with airline.","https://www.glassdoor.co.in/Reviews/Employee-Review-Interglobe-Aviation-RVW56884735.htm","Executive security","Former employee, more than 1 year","","I was excited to work daily because I used to meet different different people","and working there wasn't easy because I faced so many challenges.","","",""
"4.0","4 Dec 2021","Airport operations","https://www.glassdoor.co.in/Reviews/Employee-Review-Interglobe-Aviation-RVW56214368.htm","Airport operations and customer services","Current employee, more than 5 years","Hyderābād","","","Nice work place
Staff travel
Convenient week off
On time salary
On time bonus","Salary is less
Shift timings too bad
No increments
No promotions
No Recognition as per work.","Show more"
"4.0","14 Dec 2021","Indigo IT","https://www.glassdoor.co.in/Reviews/Employee-Review-Interglobe-Aviation-RVW56655488.htm","Executive it","Current employee, more than 3 years","","","","Work balance at the information technology department. Travelling allowance and staff Traver advantage.","Low increment. Less Carrier opportunity.","Show more"
"4.0","11 Jan 2022","Airport operations and customer service","https://www.glassdoor.co.in/Reviews/Employee-Review-Interglobe-Aviation-RVW57766520.htm","Airport ground staff","Current employee, less than 1 year","Bengaluru","","","Very productive 
On time service to customers 
Unlimited travel in Discounted fair price for family","There is Weekly Shift change .
Working 10h a day","Show more"
"4.0","21 Dec 2021","Its been 10 years with indigo as a senior executive security airport operation and customer service","https://www.glassdoor.co.in/Reviews/Employee-Review-Interglobe-Aviation-RVW56938379.htm","Senior executive operations","Current employee, more than 8 years","New Delhi","Career growth , improvement in skills","Staying away from a family","","",""
"3.0","28 Sept 2021","Good Work - Life Balance","https://www.glassdoor.co.in/Reviews/Employee-Review-Interglobe-Aviation-RVW53248874.htm","Corporate sales executive","Former employee, more than 3 years","","","","Free Tickets to All Employees and Family Members Unlimited","Salaries are not good as employees deserve","Show more"
"3.0","15 Jan 2022","NA","https://www.glassdoor.co.in/Reviews/Employee-Review-Interglobe-Aviation-RVW57968766.htm","Anonymous employee","Current employee, more than 5 years","Gurgaon, Haryana","Good work environment, friendly colleagues","No salary band width, For ex. one AM is getting 7 lakh and one AM is getting 20 Lakh","","",""
"4.0","25 Nov 2021","Good company","https://www.glassdoor.co.in/Reviews/Employee-Review-Interglobe-Aviation-RVW55867254.htm","Senior executive","Current employee, more than 3 years","Chennai","","","good very good very very good","nice place very very nice","Show more"
"3.0","3 Dec 2021","Good for newcomers","https://www.glassdoor.co.in/Reviews/Employee-Review-Interglobe-Aviation-RVW56183686.htm","Cargo executive","Current employee","Jaipur, Rajasthan","Good place to learn Air Cargo operations (Domestic and international as well)","Limited chances of growths , limited salary hike.","","",""
"3.0","25 Sept 2021","Great","https://www.glassdoor.co.in/Reviews/Employee-Review-Interglobe-Aviation-RVW53097186.htm","Aviation security officer","Current employee, more than 8 years","Mumbai","","","2 week off , leaves are approved, flight tickets.","Need to work in all Shift timings","Show more"
"5.0","23 Oct 2021","Great","https://www.glassdoor.co.in/Reviews/Employee-Review-Interglobe-Aviation-RVW54381905.htm","Senior manager","Current employee, more than 8 years","","","","Ontime salary, home like work environment","Nothing nothing nothing nothing nothing","Show more"
"3.0","15 Nov 2021","Operation and Ramp","https://www.glassdoor.co.in/Reviews/Employee-Review-Interglobe-Aviation-RVW55368546.htm","Executive cargo operations","Former employee, more than 3 years","New Delhi","","","Many things to learn for the beginners","Lengthy Over times and Very little break","Show more"
"5.0","24 Dec 2021","Career","https://www.glassdoor.co.in/Reviews/Employee-Review-Interglobe-Aviation-RVW57063954.htm","Anonymous employee","Current employee","","","","Friendly to work and gaining knowledge","Can't explore the world here","Show more"
"4.0","2 Oct 2021","Airport Operations","https://www.glassdoor.co.in/Reviews/Employee-Review-Interglobe-Aviation-RVW53416524.htm","Security officer","Former employee, less than 1 year","Bengaluru","The company was good, staff were very friendly","The profile is not suitable for engineers","","",""
"4.0","1 Sept 2021","Ramp coordinator","https://www.glassdoor.co.in/Reviews/Employee-Review-Interglobe-Aviation-RVW51943406.htm","Customer service officer","Current employee, more than 1 year","","Over all it was good place to work","Except the shift rest all ok","","",""
"5.0","3 Jan 2022","Great place to work","https://www.glassdoor.co.in/Reviews/Employee-Review-Interglobe-Aviation-RVW57324061.htm","Ramp","Current employee","Bengaluru","No red tape, Excellent On-time performance","Highly Efficient and High network","","",""
"3.0","11 Nov 2021","Lot to learn","https://www.glassdoor.co.in/Reviews/Employee-Review-Interglobe-Aviation-RVW55234009.htm","Technical officer","Current employee, more than 3 years","","","","Lots to learn
Freedom to work
Employee centric approach","Salary not proportional to work","Show more"
"5.0","19 Nov 2021","Enthusiastic work environment","https://www.glassdoor.co.in/Reviews/Employee-Review-Interglobe-Aviation-RVW55598507.htm","Assistant manager","Current employee, more than 5 years","Guwahati","Optimistic approach towards the people","Irregular shift timings and duties","","",""
"4.0","8 Oct 2021","airport","https://www.glassdoor.co.in/Reviews/Employee-Review-Interglobe-Aviation-RVW53702542.htm","Security officer/security guard","Current employee, more than 1 year","Chennai","","","no work tension
working atmosphere
career growth","shift timing is worst
covid condition are okai","Show more"
"5.0","11 Sept 2021","Amazing Company","https://www.glassdoor.co.in/Reviews/Employee-Review-Interglobe-Aviation-RVW52395084.htm","Lead cabin attendant","Former employee, more than 3 years","Mumbai","Amazing Company To work with","None I can think of","","",""
"4.0","6 Nov 2021","Aviation","https://www.glassdoor.co.in/Reviews/Employee-Review-Interglobe-Aviation-RVW54990679.htm","Csa lowes","Former employee, more than 1 year","","Great place to learn as a fresher","Appraisal process can be improved","","",""
"4.0","8 Oct 2021","good","https://www.glassdoor.co.in/Reviews/Employee-Review-Interglobe-Aviation-RVW53716514.htm","Anonymous employee","Former employee, less than 1 year","","good experience In the company","good for all of employee","","",""
"3.0","7 Nov 2021","Company cuulture","https://www.glassdoor.co.in/Reviews/Employee-Review-Interglobe-Aviation-RVW55014538.htm","Anonymous employee","Former employee","","good to work in company","not so systematic in approach","","",""
"1.0","8 Oct 2021","The Management is Biased","https://www.glassdoor.co.in/Reviews/Employee-Review-Interglobe-Aviation-RVW53719677.htm","Customer-service executive","Current employee","Patna, Bihar","","","On time salary
Shift timing is least cared of after pandemic","High work pressure compared to the work delivered with less salary and above all promotions are biased irrespective of staff being skilled to compete the company never cares","Show more"
"5.0","3 Apr 2023","Best Airline Industry In India","https://www.glassdoor.co.in/Reviews/Employee-Review-Interglobe-Aviation-RVW75160082.htm","Senior cabin crew","Former employee","","","","This company is very customer centric and employee friendly. Being one of the oldest the best airline in India it has kept its standard operating procedures in line and make sure the employees have the latest curricular. Equality at work, all are respected weather internal customers(fellow colleagues) as well as external customer(Passengers)","Being the No#1 Airline in India connecting customers from any part of the country to any other place, they have a lot of connections and hence Cabin crew have some very hectic sectors and not getting the right pay for the amount of hard work given.","Show more"
"3.0","16 Jun 2023","Interglobe Aviation","https://www.glassdoor.co.in/Reviews/Employee-Review-Interglobe-Aviation-RVW77439977.htm","Lead cabin attendant","Former employee","","","","pay really well and get free staff tickets","flying everyday 5 sectors is really tiring. they ask you to fly you on minimum hours of rest","Show more"
"4.0","28 Jun 2023","NA","https://www.glassdoor.co.in/Reviews/Employee-Review-Interglobe-Aviation-RVW77814215.htm","Customer service representative","Former employee, less than 1 year","Delhi, CA","good company and have good opportunities","No negative comments , everything is good","","",""
"5.0","14 Feb 2023","Great place to work","https://www.glassdoor.co.in/Reviews/Employee-Review-Interglobe-Aviation-RVW73603385.htm","Executive customer service","Former employee, more than 8 years","","Great place to work in airline industry","No growth if you stay at one base","","",""
"5.0","2 Jun 2022","Best place to work","https://www.glassdoor.co.in/Reviews/Employee-Review-Interglobe-Aviation-RVW65035713.htm","Flight attendant","Former employee, more than 5 years","","Travel benefits and great work culture","Less work and life balance","","",""
"5.0","20 May 2022","Good","https://www.glassdoor.co.in/Reviews/Employee-Review-Interglobe-Aviation-RVW64448224.htm","Flight commander","Current employee","","On time salary,good working condition","Not very flexible, long working hours","","",""
"5.0","30 Jan 2022","Company is good","https://www.glassdoor.co.in/Reviews/Employee-Review-Interglobe-Aviation-RVW58803577.htm","Security officer","Current employee","London, England","","","Team Work,positive attitude,Right decision making,quick reaction and action taking,positive working Environment.","Inadequate training,No truly voluntary,lack of management interest.","Show more"
"4.0","19 Jan 2022","Airport Operations and control centre","https://www.glassdoor.co.in/Reviews/Employee-Review-Interglobe-Aviation-RVW58224370.htm","Airport operations","Former employee","Dubai","","","Worked for the Leading Airline in India
Flight tickets free around the globe
Salary On time
Health & medical benefits(Insurance)","Extreme climate
Irregular shift patterns
Payment less","Show more"
"5.0","21 Jan 2022","Coolest airline","https://www.glassdoor.co.in/Reviews/Employee-Review-Interglobe-Aviation-RVW58343618.htm","Cabin crew","Current employee","New York, NY","One time, customer oriented and Hassel free.","Low budget, less destination ,work load","","",""
"4.0","29 Nov 2021","Excellent","https://www.glassdoor.co.in/Reviews/Employee-Review-Interglobe-Aviation-RVW55979488.htm","Executive security","Current employee","Washington, DC","","","Excellent work place, best careers oppertunity along with knowledge and learning new things on shift","Excellent working experience in interglobe aviation Ltd. Its number one company in india.","Show more"
"4.0","26 Nov 2021","Good","https://www.glassdoor.co.in/Reviews/Employee-Review-Interglobe-Aviation-RVW55888354.htm","Customer service executive","Current employee, more than 1 year","","","","On time salary 
Friendly environment","Rotational shift and extra working hours","Show more"
"5.0","26 Oct 2021","Excellent Company","https://www.glassdoor.co.in/Reviews/Employee-Review-Interglobe-Aviation-RVW54486417.htm","Security supervisor","Current employee","Dubai","Indigo is Great place to Work","Very Good service, growing company","","",""