"review-details_overallRating__VDxCx","timestamp_reviewDate__wvu2v","review-details_detailsLink__NxIv5","review-details_detailsLink__NxIv5 href","review-details_employee__5iA6v","review-details_employeeDetails__BvAwX","review-details_location__E_Ine","review-details_isExpanded__bLJng","review-details_isExpanded__bLJng 2"
"5.0","24 Sept 2024","best workplace","https://www.glassdoor.co.in/Reviews/Employee-Review-Torrent-Pharmaceuticals-RVW91288199.htm","Manager","Current employee, more than 3 years","Ahmedabad","best corporate to work with. Set SOP and policies for employee. very good work life balance","nothing negative about the company"
"2.0","18 Sept 2024","Working at torrent pharma","https://www.glassdoor.co.in/Reviews/Employee-Review-Torrent-Pharmaceuticals-RVW91129635.htm","Executives","Former employee, more than 3 years","Dahej","You have secure job and good learning experience.","Salary was below par compared to others."
"4.0","9 Sept 2024","One of the best Pharma company to work","https://www.glassdoor.co.in/Reviews/Employee-Review-Torrent-Pharmaceuticals-RVW90849655.htm","Product executive","Former employee","Ahmedabad","Its an employee oriented company, and always look after them.","Salary comparatively is bit less with the perks given."
"4.0","10 Sept 2024","Good company values","https://www.glassdoor.co.in/Reviews/Employee-Review-Torrent-Pharmaceuticals-RVW90879134.htm","Product manager","Former employee, more than 1 year","Ahmedabad","Good company values, good place to start a career","Lack of younger group of people, need more young minds"
"5.0","27 Aug 2024","Good company","https://www.glassdoor.co.in/Reviews/Employee-Review-Torrent-Pharmaceuticals-RVW90465696.htm","Junior executive scientist","Former employee","Gāndhīnagar, Gujarat","The colleagues you get at torrent are so good.. that you learn, you work and grow together","Salary is less...but same situation across industry."
"1.0","13 Sept 2024","Too Much politics","https://www.glassdoor.co.in/Reviews/Employee-Review-Torrent-Pharmaceuticals-RVW90983349.htm","Senior medical representative","Current employee, more than 5 years","Guwahati","",""
"4.0","15 Aug 2024","Good Culture","https://www.glassdoor.co.in/Reviews/Employee-Review-Torrent-Pharmaceuticals-RVW90113439.htm","Medical representative","Current employee, more than 3 years","Surat City","",""
"5.0","22 Aug 2024","Good company","https://www.glassdoor.co.in/Reviews/Employee-Review-Torrent-Pharmaceuticals-RVW90313961.htm","Medical representative","Former employee","Patna, Bihar","Good company for employee good environment for employee","I don't have cons about this company"
"3.0","7 Aug 2024","Torrent pharmaceuticals","https://www.glassdoor.co.in/Reviews/Employee-Review-Torrent-Pharmaceuticals-RVW89875628.htm","Scientist","Former employee, more than 1 year","Gāndhīnagar, Gujarat","Work and work environment is good","Low salary and low increment"
"5.0","8 Jul 2024","MNC at mehsana location","https://www.glassdoor.co.in/Reviews/Employee-Review-Torrent-Pharmaceuticals-RVW88956302.htm","Production executive","Former employee, more than 1 year","Indrad","",""
"3.0","11 Jul 2024","Formulation scientist","https://www.glassdoor.co.in/Reviews/Employee-Review-Torrent-Pharmaceuticals-RVW89051023.htm","Anonymous employee","Current employee","","",""
"5.0","11 Jul 2024","Good","https://www.glassdoor.co.in/Reviews/Employee-Review-Torrent-Pharmaceuticals-RVW89063639.htm","Executive","Current employee","","Good work no pressure in work","Nothing to say bad about work"
"4.0","7 Jun 2024","Why work at Torrent Pharmaceuticals LTD","https://www.glassdoor.co.in/Reviews/Employee-Review-Torrent-Pharmaceuticals-RVW88038479.htm","Executive - quality control","Current employee, more than 1 year","Gāndhīnagar, Gujarat","",""
"5.0","24 Jun 2024","Good","https://www.glassdoor.co.in/Reviews/Employee-Review-Torrent-Pharmaceuticals-RVW88526869.htm","Associate","Current employee","Ahmedabad","",""
"3.0","21 May 2024","Average","https://www.glassdoor.co.in/Reviews/Employee-Review-Torrent-Pharmaceuticals-RVW87517342.htm","Executive assistant","Current employee","","",""
"3.0","27 May 2024","Working environment is good but no balance in work life","https://www.glassdoor.co.in/Reviews/Employee-Review-Torrent-Pharmaceuticals-RVW87667381.htm","Product manager","Current employee, more than 3 years","Ahmedabad","Learning would be good. A product manager can have good learning","No work life balance. Too much pressure"
"3.0","23 May 2024","Good company","https://www.glassdoor.co.in/Reviews/Employee-Review-Torrent-Pharmaceuticals-RVW87591434.htm","Manager finance","Current employee, more than 1 year","Indore","Work culture and ethics are good","Slow decision making and politics"
"5.0","11 May 2024","Working atmosphere","https://www.glassdoor.co.in/Reviews/Employee-Review-Torrent-Pharmaceuticals-RVW87173828.htm","Medical representative","Former employee","","",""
"2.0","25 Apr 2024","Good for learning, for those who are satisfied with allowance","https://www.glassdoor.co.in/Reviews/Employee-Review-Torrent-Pharmaceuticals-RVW86673405.htm","Scientist","Current employee, more than 8 years","Gāndhīnagar, Gujarat","Great place to learn, working culture","Not good for long term stay, less increments hampers financial growth,"
"4.0","3 May 2024","Good place to work","https://www.glassdoor.co.in/Reviews/Employee-Review-Torrent-Pharmaceuticals-RVW86929008.htm","Executive","Current employee, more than 3 years","Pakyong","Great work culture, supporting management","Less year to year increment"
"4.0","22 Apr 2024","good workplace","https://www.glassdoor.co.in/Reviews/Employee-Review-Torrent-Pharmaceuticals-RVW86543696.htm","Chemical engineer","Former employee, more than 1 year","Gujrāt","good company, good work ethics","far away from the main city, long distance travel"
"5.0","20 Apr 2024","Good company to work with","https://www.glassdoor.co.in/Reviews/Employee-Review-Torrent-Pharmaceuticals-RVW86519806.htm","Assistant general manager","Current employee, more than 10 years","Ahmedabad","Good and stable growth for employees","Hard to get fast promotions"
"4.0","12 Apr 2024","Good environment","https://www.glassdoor.co.in/Reviews/Employee-Review-Torrent-Pharmaceuticals-RVW86271843.htm","Therapy manager","Former employee, more than 1 year","Salem, Tamil Nadu","",""
"2.0","8 Apr 2024","Working in Torrent R&D center","https://www.glassdoor.co.in/Reviews/Employee-Review-Torrent-Pharmaceuticals-RVW86112408.htm","Assistant manager","Former employee, more than 1 year","Gāndhīnagar, Gujarat","",""
"5.0","20 Jan 2024","Very good company","https://www.glassdoor.co.in/Reviews/Employee-Review-Torrent-Pharmaceuticals-RVW83565585.htm","Area bisiness exicuteive","Current employee, more than 10 years","Cuttack","",""
"4.0","29 Mar 2024","Good","https://www.glassdoor.co.in/Reviews/Employee-Review-Torrent-Pharmaceuticals-RVW85826875.htm","Regulatory affairs","Current employee, less than 1 year","Gāndhīnagar, Gujarat","",""
"4.0","29 Mar 2024","Sales Promotion Employee","https://www.glassdoor.co.in/Reviews/Employee-Review-Torrent-Pharmaceuticals-RVW85823760.htm","Anonymous employee","Current employee, more than 10 years","","Job security, company nurture sustained and predictable business","Work life balance and low increments"
"4.0","16 Mar 2024","Best for learning","https://www.glassdoor.co.in/Reviews/Employee-Review-Torrent-Pharmaceuticals-RVW85390382.htm","Product executive","Former employee, more than 3 years","Ahmedabad","Good learning, collaborative people and working atmosphere","Less compensation and growth. promotions waiting time is long"
"3.0","15 Mar 2024","Good Company","https://www.glassdoor.co.in/Reviews/Employee-Review-Torrent-Pharmaceuticals-RVW85356086.htm","Product manager","Current employee, more than 3 years","Ahmedabad","",""
"4.0","5 Mar 2024","TMR","https://www.glassdoor.co.in/Reviews/Employee-Review-Torrent-Pharmaceuticals-RVW85011980.htm","Med representative","Former employee, less than 1 year","New Delhi","The good culture, values and ethics. Genuinely.","The manager, The extra pressure."
"4.0","27 Feb 2024","It's an awesome company","https://www.glassdoor.co.in/Reviews/Employee-Review-Torrent-Pharmaceuticals-RVW84779518.htm","Formulation scientist ii","Current employee, more than 1 year","Ahmedabad","",""
"5.0","15 Feb 2024","Production planning","https://www.glassdoor.co.in/Reviews/Employee-Review-Torrent-Pharmaceuticals-RVW84405265.htm","Executive trainee engineer","Former employee, more than 1 year","East District","",""
"4.0","5 Feb 2024","Good","https://www.glassdoor.co.in/Reviews/Employee-Review-Torrent-Pharmaceuticals-RVW84071116.htm","Asm (area sales manager)","Current employee","Chandigarh","Company is good salary on time","Culture Depend upon Manager and performance"
"3.0","16 Jan 2024","Good organization","https://www.glassdoor.co.in/Reviews/Employee-Review-Torrent-Pharmaceuticals-RVW83396934.htm","Research scientist","Former employee, more than 3 years","Ahmedabad","",""
"4.0","11 Jan 2024","To provide medical support","https://www.glassdoor.co.in/Reviews/Employee-Review-Torrent-Pharmaceuticals-RVW83259371.htm","Assistant manager-medical services","Current employee, more than 1 year","Ahmedabad","",""
"3.0","10 Jan 2024","Good Company","https://www.glassdoor.co.in/Reviews/Employee-Review-Torrent-Pharmaceuticals-RVW83245242.htm","Regulatory affairs specialist","Current employee, more than 1 year","Gujrāt","Learn so much from this company. Good facilities","Low wages and No extra pays for overtime"
"5.0","22 Dec 2023","CRM, EVENT SALE'S AND MARKETING TEAM MANAGER","https://www.glassdoor.co.in/Reviews/Employee-Review-Torrent-Pharmaceuticals-RVW82793399.htm","Therapy manager","Former employee, more than 10 years","","",""
"4.0","2 Jan 2024","Excellent company to work with","https://www.glassdoor.co.in/Reviews/Employee-Review-Torrent-Pharmaceuticals-RVW82987663.htm","Executive","Current employee, more than 8 years","Ahmedabad","Great learning, good team, collaborative work environment","6 days working, nothing as such"
"2.0","24 Dec 2023","Not an employee friendly organisation","https://www.glassdoor.co.in/Reviews/Employee-Review-Torrent-Pharmaceuticals-RVW82830512.htm","Assistant manager","Current employee, more than 1 year","Ahmedabad","",""
"5.0","8 Dec 2023","Very good","https://www.glassdoor.co.in/Reviews/Employee-Review-Torrent-Pharmaceuticals-RVW82430943.htm","Medical representative","Current employee","","",""
"4.0","26 Dec 2023","NA","https://www.glassdoor.co.in/Reviews/Employee-Review-Torrent-Pharmaceuticals-RVW82846137.htm","Graduate engineering trainee get","Current employee","Ahmedabad","Nice Food at discount and flexible.","Very much politics even at low level"
"5.0","23 Dec 2023","Good","https://www.glassdoor.co.in/Reviews/Employee-Review-Torrent-Pharmaceuticals-RVW82813177.htm","Quality control","Current employee","","It is  a good company","Nice environment for work in there"
"2.0","20 Dec 2023","Not good pay","https://www.glassdoor.co.in/Reviews/Employee-Review-Torrent-Pharmaceuticals-RVW82762912.htm","Sr. sceintist","Current employee","Gujrāt","There is no good thing in torrent","Not good pay in company. No promotions"
"3.0","14 Dec 2023","Salary","https://www.glassdoor.co.in/Reviews/Employee-Review-Torrent-Pharmaceuticals-RVW82611407.htm","General manager","Current employee","Ahmedabad","Work culture and HR policy","Professional development and very strict HR policy"
"5.0","20 Nov 2023","Good company","https://www.glassdoor.co.in/Reviews/Employee-Review-Torrent-Pharmaceuticals-RVW81970839.htm","Human resources","Former employee, more than 8 years","Ahmedabad","",""
"3.0","24 Nov 2023","Good","https://www.glassdoor.co.in/Reviews/Employee-Review-Torrent-Pharmaceuticals-RVW82058674.htm","Apprentice","Former contractor","","Best company  & 1st company","Very less celebration in company"
"4.0","18 Aug 2023","Best Place to work","https://www.glassdoor.co.in/Reviews/Employee-Review-Torrent-Pharmaceuticals-RVW79272379.htm","Executive","Former employee, more than 3 years","Gāndhīnagar, Gujarat","",""
"2.0","15 Oct 2023","Lala Company","https://www.glassdoor.co.in/Reviews/Employee-Review-Torrent-Pharmaceuticals-RVW80951567.htm","Senior sap consultant","Former employee, more than 8 years","Ahmedabad","no work, you can spend your life and retire.","No growth and no value addition"
"1.0","5 Jun 2023","Pathetic HR","https://www.glassdoor.co.in/Reviews/Employee-Review-Torrent-Pharmaceuticals-RVW77099828.htm","Anonymous freelancer","Former freelancer","","",""
"4.0","1 Oct 2023","Tell to improve","https://www.glassdoor.co.in/Reviews/Employee-Review-Torrent-Pharmaceuticals-RVW80570042.htm","Executive assistant","Current employee, more than 3 years","Coimbatore South","Do the needful for the best employee of the year","Life of piece and quite"
"4.0","5 Oct 2023","good","https://www.glassdoor.co.in/Reviews/Employee-Review-Torrent-Pharmaceuticals-RVW80704823.htm","Quality assurance executive","Former employee, more than 8 years","Ahmedabad","company has good work culture","Company employees salary raised was just okay."
"3.0","28 Sept 2023","No Mobile phones","https://www.glassdoor.co.in/Reviews/Employee-Review-Torrent-Pharmaceuticals-RVW80490533.htm","Trainee executive","Current employee, less than 1 year","Ahmedabad","timing, no extra hours and alternate sat sun off","school like culture, uniform and all"
"4.0","26 Sept 2023","Medical representative","https://www.glassdoor.co.in/Reviews/Employee-Review-Torrent-Pharmaceuticals-RVW80415963.htm","Medical representative","Former employee, more than 1 year","Mumbai","Work culture, ethics and offcourse 2nd and 4sat off","Good company work culture is good"
"1.0","27 Aug 2023","Too much of politics","https://www.glassdoor.co.in/Reviews/Employee-Review-Torrent-Pharmaceuticals-RVW79531168.htm","Graduate apprentice trainee","Former intern, more than 1 year","East District","",""
"3.0","10 Aug 2023","Product Development-ADL","https://www.glassdoor.co.in/Reviews/Employee-Review-Torrent-Pharmaceuticals-RVW79033068.htm","Executive","Current employee, more than 1 year","Gāndhīnagar, Gujarat","",""
"5.0","17 Aug 2023","Best company I like this torrent","https://www.glassdoor.co.in/Reviews/Employee-Review-Torrent-Pharmaceuticals-RVW79220658.htm","Medical representative","Current employee, more than 1 year","North Tripura","",""
"5.0","2 Sept 2023","Production","https://www.glassdoor.co.in/Reviews/Employee-Review-Torrent-Pharmaceuticals-RVW79713691.htm","Executive","Current employee, more than 1 year","Ahmedabad","Work life balance is good","Great place to work in ahmedabad"
"5.0","29 Aug 2023","Work life balance","https://www.glassdoor.co.in/Reviews/Employee-Review-Torrent-Pharmaceuticals-RVW79596829.htm","Anonymous employee","Former employee, more than 3 years","Kalol","Very good company for job","Food quality not much good"
"3.0","22 Aug 2023","Good","https://www.glassdoor.co.in/Reviews/Employee-Review-Torrent-Pharmaceuticals-RVW79367626.htm","Asst manager","Former employee, more than 3 years","Visakhapatnam","Good culture at work place","Good learning skills and work life balance"
"3.0","10 Aug 2023","Company Review","https://www.glassdoor.co.in/Reviews/Employee-Review-Torrent-Pharmaceuticals-RVW79032795.htm","Asm (area sales manager)","Former employee, more than 3 years","Patna, Bihar","",""
"5.0","25 Jul 2023","Good","https://www.glassdoor.co.in/Reviews/Employee-Review-Torrent-Pharmaceuticals-RVW78545038.htm","Warehouse assistant","Former employee","Rangpo","",""
"4.0","18 Aug 2023","Good","https://www.glassdoor.co.in/Reviews/Employee-Review-Torrent-Pharmaceuticals-RVW79282360.htm","Manager","Current employee","Ahmedabad","Good culture and employee friendly","Need improvement in the company policy"
"4.0","8 Jun 2023","Great place to work","https://www.glassdoor.co.in/Reviews/Employee-Review-Torrent-Pharmaceuticals-RVW77213040.htm","Anonymous employee","Former employee, more than 1 year","","",""
"4.0","2 Aug 2023","Good company","https://www.glassdoor.co.in/Reviews/Employee-Review-Torrent-Pharmaceuticals-RVW78805182.htm","Qc chemist","Former employee, more than 1 year","Bharūch","Good HR, work place environment positive","Transportation systems is very bad"
"3.0","26 Jun 2023","Good to work at AM level","https://www.glassdoor.co.in/Reviews/Employee-Review-Torrent-Pharmaceuticals-RVW77707848.htm","Executive qc","Current employee","","",""
"5.0","6 Jul 2023","Best company","https://www.glassdoor.co.in/Reviews/Employee-Review-Torrent-Pharmaceuticals-RVW78022547.htm","Technical assistant","Former employee, more than 5 years","Ahmedabad","",""
"1.0","20 Jul 2023","worst culture","https://www.glassdoor.co.in/Reviews/Employee-Review-Torrent-Pharmaceuticals-RVW78421869.htm","Assistant manager","Former employee, more than 1 year","Ahmedabad","",""
"4.0","2 Jul 2023","Positive","https://www.glassdoor.co.in/Reviews/Employee-Review-Torrent-Pharmaceuticals-RVW77897443.htm","Executive trainee","Current employee, less than 1 year","Ahmedabad","Work culture Friendly environment Food Work life balance","NA NA NA NA NA"
"5.0","14 Jun 2023","An experienced medical laboratory professional with management role as laboratory director","https://www.glassdoor.co.in/Reviews/Employee-Review-Torrent-Pharmaceuticals-RVW77360620.htm","Clinical laboratory director","Current employee, more than 10 years","Ahmedabad","",""
"4.0","21 Apr 2023","Enjoyable work place","https://www.glassdoor.co.in/Reviews/Employee-Review-Torrent-Pharmaceuticals-RVW75712362.htm","Executive","Current employee","","",""
"3.0","12 Jun 2023","Learning is endless","https://www.glassdoor.co.in/Reviews/Employee-Review-Torrent-Pharmaceuticals-RVW77294901.htm","Management trainee","Former employee","Gāndhīnagar, Gujarat","",""
"5.0","29 May 2023","QC - MVC","https://www.glassdoor.co.in/Reviews/Employee-Review-Torrent-Pharmaceuticals-RVW76891801.htm","Apprentice","Former employee, more than 1 year","Mehsana","Work life balance culture for Male/Female emloyees All services are good No work load","Punctuality - on time needed"
"5.0","4 May 2023","Marketing executive with 1 year of experience","https://www.glassdoor.co.in/Reviews/Employee-Review-Torrent-Pharmaceuticals-RVW76136891.htm","Marketing executive","Current employee, less than 1 year","Mumbai","Great work culture, good team work, Good management system, good growth and salary","Lots of travelling, pressure , And Target achievement"
"4.0","4 Jun 2023","Good","https://www.glassdoor.co.in/Reviews/Employee-Review-Torrent-Pharmaceuticals-RVW77057934.htm","Medical representative","Former employee","Ahmedabad","Easy sales experience and co operations.","Harder work on field traveling"
"5.0","25 May 2023","Indirect Material Procurement","https://www.glassdoor.co.in/Reviews/Employee-Review-Torrent-Pharmaceuticals-RVW76780042.htm","Procurement executive","Current employee, more than 1 year","Baddi","A company with good SOP","Nothing on down side, everything is good."
"5.0","9 May 2023","Ok very nice","https://www.glassdoor.co.in/Reviews/Employee-Review-Torrent-Pharmaceuticals-RVW76260666.htm","Anonymous employee","Current employee","","Ok very good microbiology department nice","Ok thanks for torrential microbiology department working as reviewer"
"4.0","5 May 2023","Salary is OK","https://www.glassdoor.co.in/Reviews/Employee-Review-Torrent-Pharmaceuticals-RVW76142046.htm","Executive","Current employee","Dahej","Good work environment and no work pressure","Travelling facility is very poor and takes a lot of time"
"5.0","17 Apr 2023","Good culture","https://www.glassdoor.co.in/Reviews/Employee-Review-Torrent-Pharmaceuticals-RVW75560818.htm","Medical representative","Current employee, less than 1 year","Khammam","",""
"3.0","5 Feb 2023","Still a stuck Torrentian at Dahej  Plant","https://www.glassdoor.co.in/Reviews/Employee-Review-Torrent-Pharmaceuticals-RVW73343254.htm","Executive","Current employee","","",""
"3.0","1 May 2023","Work life","https://www.glassdoor.co.in/Reviews/Employee-Review-Torrent-Pharmaceuticals-RVW76001489.htm","Product executive","Former employee, more than 3 years","Mumbai","",""
"5.0","27 Apr 2023","Heaven on earth","https://www.glassdoor.co.in/Reviews/Employee-Review-Torrent-Pharmaceuticals-RVW75894261.htm","Executive purchase","Former employee","Ahmedabad","Heaven on earth in work place","Salary will be always less"
"4.0","16 Mar 2023","Work Life balance is good","https://www.glassdoor.co.in/Reviews/Employee-Review-Torrent-Pharmaceuticals-RVW74602759.htm","Executive","Current employee, more than 3 years","Ahmedabad","Proper work life balance at this company","Salary provided is on lower side of the average pay for the position"
"5.0","17 Feb 2023","It's great to work for torrent","https://www.glassdoor.co.in/Reviews/Employee-Review-Torrent-Pharmaceuticals-RVW73744527.htm","Anonymous employee","Current employee","","",""
"2.0","1 Apr 2023","Torrent Research Centre","https://www.glassdoor.co.in/Reviews/Employee-Review-Torrent-Pharmaceuticals-RVW75100127.htm","Scientist ii","Former employee","","Good Culture Timely Salary dispersal Nice infrastructure","Late and low increments Does frequent lay-offs"
"5.0","21 Mar 2023","good","https://www.glassdoor.co.in/Reviews/Employee-Review-Torrent-Pharmaceuticals-RVW74726581.htm","Anonymous employee","Former employee, more than 3 years","Bharūch","",""
"3.0","7 Mar 2023","Work Culture","https://www.glassdoor.co.in/Reviews/Employee-Review-Torrent-Pharmaceuticals-RVW74271636.htm","Senior csv engineer","Former employee, more than 3 years","Ahmedabad","One can get to know the work ethics. Professional and Personal life balance","Traditional Work Culture. Salary Growth"
"5.0","10 Feb 2023","Analyzing drug and tablet in HPLC and validation based activity.","https://www.glassdoor.co.in/Reviews/Employee-Review-Torrent-Pharmaceuticals-RVW73526931.htm","Scientist ii","Current employee, more than 1 year","Ahmedabad","Analyzing drug and tablet in HPLC and validation based activity.","In this company have very good and healthy environment."
"4.0","17 Feb 2023","A good company to settle down and work","https://www.glassdoor.co.in/Reviews/Employee-Review-Torrent-Pharmaceuticals-RVW73724692.htm","Medical representative","Current employee","","Phenomenal work culture. Not nudging towards unethical work practices.","A little bit old school."
"5.0","22 Feb 2023","Good","https://www.glassdoor.co.in/Reviews/Employee-Review-Torrent-Pharmaceuticals-RVW73892929.htm","Executive","Former employee, more than 3 years","Ahmedabad","Good work culture at torrent","No problem at torrent all ok"
"4.0","6 Feb 2023","Good to work","https://www.glassdoor.co.in/Reviews/Employee-Review-Torrent-Pharmaceuticals-RVW73374885.htm","Assistant manager","Former employee, more than 5 years","Baddi","",""
"4.0","2 Feb 2023","No","https://www.glassdoor.co.in/Reviews/Employee-Review-Torrent-Pharmaceuticals-RVW73252592.htm","Asm (area sales manager)","Former employee, more than 5 years","Vāranāsi","Good company , strong hr, growth prospects are bright","Now situation is changing. Hiring from outside"
"3.0","21 Jan 2023","last company","https://www.glassdoor.co.in/Reviews/Employee-Review-Torrent-Pharmaceuticals-RVW72848419.htm","Medical representative","Former employee, more than 5 years","Jalgaon","",""
"4.0","3 Feb 2023","Good work place","https://www.glassdoor.co.in/Reviews/Employee-Review-Torrent-Pharmaceuticals-RVW73301857.htm","Executive","Current employee, more than 5 years","Ahmedabad","Transport facilities is very good","Low pay as per industry standard."
"2.0","1 Nov 2022","Company","https://www.glassdoor.co.in/Reviews/Employee-Review-Torrent-Pharmaceuticals-RVW70667621.htm","Technical assistant","Current employee, more than 10 years","Gāndhīnagar, Gujarat","",""
"4.0","24 Dec 2022","Instrumentation","https://www.glassdoor.co.in/Reviews/Employee-Review-Torrent-Pharmaceuticals-RVW72106840.htm","Senior instrumentation engineer","Current employee","","",""
"4.0","11 Jan 2023","Good","https://www.glassdoor.co.in/Reviews/Employee-Review-Torrent-Pharmaceuticals-RVW72514716.htm","Assistant manager","Former employee, more than 3 years","","Good portfolio of development and new products","Salary and hike is not up to the mark"
"3.0","23 Jan 2023","Good","https://www.glassdoor.co.in/Reviews/Employee-Review-Torrent-Pharmaceuticals-RVW72892471.htm","Trainee teaching associate (tta)","Former employee","East District","Good company for freshers to start","Nothing i have found yet."
"3.0","30 Dec 2022","Good culture","https://www.glassdoor.co.in/Reviews/Employee-Review-Torrent-Pharmaceuticals-RVW72205349.htm","Executive scm","Current employee","","",""
"5.0","16 Dec 2022","Very nice","https://www.glassdoor.co.in/Reviews/Employee-Review-Torrent-Pharmaceuticals-RVW71916793.htm","Pharmacy technician","Former employee","","",""
"3.0","12 Nov 2022","Good to work for gaining experience","https://www.glassdoor.co.in/Reviews/Employee-Review-Torrent-Pharmaceuticals-RVW71013738.htm","Manager","Former employee","","",""
"2.0","17 Nov 2022","Stressfull Environment","https://www.glassdoor.co.in/Reviews/Employee-Review-Torrent-Pharmaceuticals-RVW71162336.htm","Trainee executive","Former employee","Ahmedabad","Got to lear a lot","Rigid Culture no work life balance"
"3.0","22 Aug 2022","It is an ok company for Ahmedabad level, very low salary growth","https://www.glassdoor.co.in/Reviews/Employee-Review-Torrent-Pharmaceuticals-RVW68222916.htm","Assistant manager","Former employee, more than 5 years","Ahmedabad","",""
"5.0","6 Aug 2022","Analytical Scientist in ADL","https://www.glassdoor.co.in/Reviews/Employee-Review-Torrent-Pharmaceuticals-RVW67611698.htm","Analytical chemist","Current employee","","",""
"3.0","28 Sept 2022","Good for starters","https://www.glassdoor.co.in/Reviews/Employee-Review-Torrent-Pharmaceuticals-RVW69550363.htm","Scientist","Current employee, more than 5 years","Gāndhīnagar, Gujarat","Good for beginners, work life balance","No benefits for employees, policies manipulated as per will"
"5.0","15 Sept 2022","Excellent Growth","https://www.glassdoor.co.in/Reviews/Employee-Review-Torrent-Pharmaceuticals-RVW69080292.htm","Quality control specialist","Former employee","","Good System, FDA Approved, Good employee beneficial policies.","Rate of increment should be increase according to present working hours."
"5.0","17 Sept 2022","Very Good work culture","https://www.glassdoor.co.in/Reviews/Employee-Review-Torrent-Pharmaceuticals-RVW69153310.htm","Scientist ii","Former employee, more than 8 years","","Good work culture and learning development","working in shift and less scope of promotion"
"3.0","17 Sept 2022","Culture","https://www.glassdoor.co.in/Reviews/Employee-Review-Torrent-Pharmaceuticals-RVW69160071.htm","Management trainee","Current employee","","Knowledge, People, Location, Acknowledgement, Ethics","Work culture, Policies, Bond, time-bound, No flexibility"
"2.0","28 Jul 2022","NA","https://www.glassdoor.co.in/Reviews/Employee-Review-Torrent-Pharmaceuticals-RVW67272222.htm","Senior executive scientist","Current employee, less than 1 year","","",""
"4.0","30 Aug 2022","NIce place to work","https://www.glassdoor.co.in/Reviews/Employee-Review-Torrent-Pharmaceuticals-RVW68496635.htm","Scientist i","Current employee, more than 1 year","","",""
"4.0","31 Jul 2022","Relax working","https://www.glassdoor.co.in/Reviews/Employee-Review-Torrent-Pharmaceuticals-RVW67371496.htm","Assistant manager","Former employee, more than 1 year","Dahej","",""
"5.0","23 Aug 2022","RnD","https://www.glassdoor.co.in/Reviews/Employee-Review-Torrent-Pharmaceuticals-RVW68240936.htm","Assistant general manager","Current employee, less than 1 year","","",""
"4.0","26 Aug 2022","MES Project","https://www.glassdoor.co.in/Reviews/Employee-Review-Torrent-Pharmaceuticals-RVW68381498.htm","Operation project manager","Current employee, more than 5 years","Dahej","Lot's of learning during project activity.","Employee facility welfare is poor."
"4.0","27 Jul 2022","Good HR and healthy environment","https://www.glassdoor.co.in/Reviews/Employee-Review-Torrent-Pharmaceuticals-RVW67211024.htm","Medical representative","Former employee, more than 1 year","Mumbai","",""
"4.0","5 Jul 2022","One of the best company in India","https://www.glassdoor.co.in/Reviews/Employee-Review-Torrent-Pharmaceuticals-RVW66337597.htm","Mes engineer","Former employee, more than 1 year","Indrad","",""
"2.0","24 Jul 2022","Needs improvement","https://www.glassdoor.co.in/Reviews/Employee-Review-Torrent-Pharmaceuticals-RVW67085543.htm","Scientist","Former employee, more than 8 years","","",""
"4.0","21 Aug 2022","Good","https://www.glassdoor.co.in/Reviews/Employee-Review-Torrent-Pharmaceuticals-RVW68159023.htm","Area manager","Former employee, more than 1 year","","Employee friendly organization g g","Some employees are a a"
"5.0","28 Jul 2022","Company Culture","https://www.glassdoor.co.in/Reviews/Employee-Review-Torrent-Pharmaceuticals-RVW67258620.htm","Anonymous employee","Current employee","","Good work culture in production department","Food is not good though for mon Gujaratis"
"4.0","25 Jul 2022","PMO","https://www.glassdoor.co.in/Reviews/Employee-Review-Torrent-Pharmaceuticals-RVW67121717.htm","Project management office (pmo)","Current employee","","Good company  for work here","Could do better  in terms of the current situation"
"2.0","4 Aug 2022","Na","https://www.glassdoor.co.in/Reviews/Employee-Review-Torrent-Pharmaceuticals-RVW67544307.htm","Abalyst","Former employee, more than 1 year","Baddi","",""
"2.0","1 Aug 2022","good","https://www.glassdoor.co.in/Reviews/Employee-Review-Torrent-Pharmaceuticals-RVW67383054.htm","Executive","Current employee","","Job security, Good work culture","No decision making power to anyone"
"5.0","18 Jul 2022","Good work","https://www.glassdoor.co.in/Reviews/Employee-Review-Torrent-Pharmaceuticals-RVW66816804.htm","Medical advisor","Current employee, more than 1 year","Mumbai","",""
"4.0","4 Jul 2022","Excellent Infrastructure","https://www.glassdoor.co.in/Reviews/Employee-Review-Torrent-Pharmaceuticals-RVW66276020.htm","Anonymous employee","Former employee, more than 3 years","Dahej","Excellent Infrastructure, Transportation Service from main city to plant","As it's a large scale company the profile will be limited."
"3.0","8 Jul 2022","Average","https://www.glassdoor.co.in/Reviews/Employee-Review-Torrent-Pharmaceuticals-RVW66452159.htm","Administration executive","Current employee, more than 1 year","Dahej","",""
"3.0","10 Jul 2022","QMS","https://www.glassdoor.co.in/Reviews/Employee-Review-Torrent-Pharmaceuticals-RVW66507359.htm","Executive","Current employee, less than 1 year","Ahmedabad","",""
"3.0","19 Jul 2022","good for fresher","https://www.glassdoor.co.in/Reviews/Employee-Review-Torrent-Pharmaceuticals-RVW66877665.htm","Anonymous employee","Former employee, less than 1 year","","",""
"4.0","8 Jun 2022","Company review","https://www.glassdoor.co.in/Reviews/Employee-Review-Torrent-Pharmaceuticals-RVW65272778.htm","Technical assistant","Former employee, more than 1 year","East District","This company has good job security and has good working environment.","Only thing that I didn't like was salary is very less."
"4.0","16 Jun 2022","Good organization","https://www.glassdoor.co.in/Reviews/Employee-Review-Torrent-Pharmaceuticals-RVW65628777.htm","Anonymous employee","Current employee, more than 1 year","","Very good organization in all things","Very long approval level for work"
"4.0","8 Jun 2022","Good","https://www.glassdoor.co.in/Reviews/Employee-Review-Torrent-Pharmaceuticals-RVW65297844.htm","Executive","Current employee, more than 1 year","Ahmedabad","Transport , food and culture are good","Future prospects are less . promotion problems"
"4.0","9 Jun 2022","Cash rich company","https://www.glassdoor.co.in/Reviews/Employee-Review-Torrent-Pharmaceuticals-RVW65310799.htm","Group product manager","Current employee, more than 3 years","Mumbai","Cash rish company focusing on product development","Largely present in chronic segment"
"5.0","3 Jun 2022","Software developer","https://www.glassdoor.co.in/Reviews/Employee-Review-Torrent-Pharmaceuticals-RVW65081249.htm","Software developer","Current employee, more than 3 years","Ahmedabad","There is low workload compare to other companies.","Every year Increment is very low."
"1.0","16 Aug 2022","Worst management","https://www.glassdoor.co.in/Reviews/Employee-Review-Torrent-Pharmaceuticals-RVW67977665.htm","Area manager","Current employee, less than 1 year","","",""
"4.0","13 Jun 2022","Executive","https://www.glassdoor.co.in/Reviews/Employee-Review-Torrent-Pharmaceuticals-RVW65456429.htm","Executive","Former employee","","Culture policy location transportation is","Rejoining compensation environment is are"
"3.0","5 Jun 2022","Okay","https://www.glassdoor.co.in/Reviews/Employee-Review-Torrent-Pharmaceuticals-RVW65130339.htm","Graduate engineer trainee","Current employee","","Bus service, food, equipments, uniform, PF","Management, salary, increment, policies, okay"
"5.0","13 May 2022","Very good company to work with","https://www.glassdoor.co.in/Reviews/Employee-Review-Torrent-Pharmaceuticals-RVW64079244.htm","Manager","Former employee, more than 1 year","","Good payment. Timely salary. Transport. Canteen","Uniform compulsory. work related stress"
"4.0","24 Apr 2022","Good Job Review","https://www.glassdoor.co.in/Reviews/Employee-Review-Torrent-Pharmaceuticals-RVW63209120.htm","Executive","Current employee, more than 3 years","Gāndhīnagar, Gujarat","Lots of opportunities to learn about new advance technology, Higher Package at Management Position","Lower salary growth, Bad HR Policies"
"5.0","1 May 2022","Regulatory affairs","https://www.glassdoor.co.in/Reviews/Employee-Review-Torrent-Pharmaceuticals-RVW63499877.htm","Scientist ii","Current employee, more than 3 years","Ahmedabad","",""
"4.0","13 Apr 2022","great","https://www.glassdoor.co.in/Reviews/Employee-Review-Torrent-Pharmaceuticals-RVW62710431.htm","Data scientist","Current employee","","culture, work , facility is good and all things are available","pay, uniform,salary so that they can pay well as per market"
"5.0","6 Apr 2022","Good Value company","https://www.glassdoor.co.in/Reviews/Employee-Review-Torrent-Pharmaceuticals-RVW62406193.htm","Assistant executive engineer","Former employee, more than 5 years","","",""
"5.0","23 Apr 2022","Good work place","https://www.glassdoor.co.in/Reviews/Employee-Review-Torrent-Pharmaceuticals-RVW63175031.htm","Analytical lead","Current employee","","Work life balance and work environment","Less positions in Hiarcy structure..."
"5.0","24 Apr 2022","Employee Friendly","https://www.glassdoor.co.in/Reviews/Employee-Review-Torrent-Pharmaceuticals-RVW63193949.htm","Research scientist","Current employee","","Culture and Food is good","Uniform is there for all employees"
"5.0","23 Apr 2022","Engineering","https://www.glassdoor.co.in/Reviews/Employee-Review-Torrent-Pharmaceuticals-RVW63185046.htm","Engineering manager","Former employee, more than 5 years","","",""
"3.0","30 Mar 2022","Work culture","https://www.glassdoor.co.in/Reviews/Employee-Review-Torrent-Pharmaceuticals-RVW61990584.htm","Senior product executive","Former employee, more than 3 years","Ahmedabad","",""
"4.0","11 Apr 2022","Very good experience","https://www.glassdoor.co.in/Reviews/Employee-Review-Torrent-Pharmaceuticals-RVW62594266.htm","Graduate engineer trainee","Current employee, less than 1 year","","You will get good experience","Nothing much ,only distance and policies"
"5.0","27 Mar 2022","Good and ethical company","https://www.glassdoor.co.in/Reviews/Employee-Review-Torrent-Pharmaceuticals-RVW61828622.htm","Regional sales manager","Current employee, more than 10 years","Calcutta","",""
"5.0","25 Mar 2022","Excellent Opportunity","https://www.glassdoor.co.in/Reviews/Employee-Review-Torrent-Pharmaceuticals-RVW61754350.htm","Anonymous employee","Former employee, more than 1 year","","Superb Working Culture, A lot to learn","Nothing which i can think of"
"4.0","6 Feb 2022","Overall good company to work with","https://www.glassdoor.co.in/Reviews/Employee-Review-Torrent-Pharmaceuticals-RVW59181859.htm","Executive","Current employee, less than 1 year","Indrad","",""
"1.0","24 Apr 2022","Management trainee -CA","https://www.glassdoor.co.in/Reviews/Employee-Review-Torrent-Pharmaceuticals-RVW63202316.htm","Management trainee","Former intern, less than 1 year","Ahmedabad","Good benefits offered to employees","Depends on in which department you are. I left in 4 months due to some reasons."
"4.0","19 Jun 2015","Seeking assignments in Sales & Marketing with an organisation of high repute in sales sector","https://www.glassdoor.co.in/Reviews/Employee-Review-Torrent-Pharmaceuticals-RVW6958390.htm","Second line manager","Current employee, more than 1 year","New Delhi","",""
"5.0","22 Jan 2022","Great opportunity to work year for new applicants","https://www.glassdoor.co.in/Reviews/Employee-Review-Torrent-Pharmaceuticals-RVW58377815.htm","Formulation scientist","Current employee, more than 1 year","Gāndhīnagar, Gujarat","",""
"4.0","11 Feb 2022","good company yo work for","https://www.glassdoor.co.in/Reviews/Employee-Review-Torrent-Pharmaceuticals-RVW59544978.htm","Senior execurive","Former employee","","torrent is very good company to work for.","not many to count for"
"5.0","8 Feb 2022","good company","https://www.glassdoor.co.in/Reviews/Employee-Review-Torrent-Pharmaceuticals-RVW59285702.htm","Research scientist","Current employee, less than 1 year","Gāndhīnagar, Gujarat","Every thing is ok. no problem","There is no cons here."
"3.0","12 Feb 2022","Experience","https://www.glassdoor.co.in/Reviews/Employee-Review-Torrent-Pharmaceuticals-RVW59577945.htm","Assistant manager","Former employee","Ahmedabad","",""
"5.0","15 Jan 2022","Good","https://www.glassdoor.co.in/Reviews/Employee-Review-Torrent-Pharmaceuticals-RVW57965038.htm","Assistant manager","Current employee","Dahej","",""
"3.0","19 Jan 2022","Good experience","https://www.glassdoor.co.in/Reviews/Employee-Review-Torrent-Pharmaceuticals-RVW58226429.htm","Executive","Former employee","","Exposure and job profile enhancement","Low compensation and low increment"
"4.0","11 Jan 2022","Well organized","https://www.glassdoor.co.in/Reviews/Employee-Review-Torrent-Pharmaceuticals-RVW57720886.htm","Api-qa assistant manager","Current employee","Ahmedabad","Canteen facility, transportation facility, timely increment","More travel time, less increment"
"4.0","17 Jun 2012","A typical R & D centre with better working culture.","https://www.glassdoor.co.in/Reviews/Employee-Review-Torrent-Pharmaceuticals-RVW1612902.htm","Scientist-ii","Current employee, more than 5 years","Ahmedabad","",""
"1.0","11 Jun 2012","Not a nice place to work and grow","https://www.glassdoor.co.in/Reviews/Employee-Review-Torrent-Pharmaceuticals-RVW1585682.htm","Assistant manager","Former employee, more than 1 year","Ahmedabad","",""
"4.0","22 Feb 2016","Good company for initial stage of career","https://www.glassdoor.co.in/Reviews/Employee-Review-Torrent-Pharmaceuticals-RVW9655659.htm","Medical representative","Former employee, more than 1 year","New Delhi","",""
"1.0","29 Jun 2021","I got bad experience with this company","https://www.glassdoor.co.in/Reviews/Employee-Review-Torrent-Pharmaceuticals-RVW49101155.htm","Adl executive","Former employee, less than 1 year","Ahmedabad","",""
"3.0","4 Sept 2019","Good  company","https://www.glassdoor.co.in/Reviews/Employee-Review-Torrent-Pharmaceuticals-RVW29027399.htm","Scientist ii","Current employee, more than 3 years","Gāndhīnagar, Gujarat","",""
"1.0","28 Jan 2016","Torrent Pharmaceuticals not recommended for other latest review 2016","https://www.glassdoor.co.in/Reviews/Employee-Review-Torrent-Pharmaceuticals-RVW9366750.htm","Executive","Current employee, more than 1 year","Ahmedabad","",""
"3.0","25 Jul 2012","a good company to work with and that too in ""metro""","https://www.glassdoor.co.in/Reviews/Employee-Review-Torrent-Pharmaceuticals-RVW1770795.htm","Executive","Former employee, more than 1 year","Ahmedabad","",""
"1.0","1 Apr 2017","Not good company to work","https://www.glassdoor.co.in/Reviews/Employee-Review-Torrent-Pharmaceuticals-RVW14443649.htm","Anonymous employee","Former employee","","",""
"3.0","22 Jun 2014","A process oriented company with detail analysis of systems and functions","https://www.glassdoor.co.in/Reviews/Employee-Review-Torrent-Pharmaceuticals-RVW4449125.htm","Anonymous employee","Former employee, more than 1 year","Ahmedabad","",""
"2.0","7 Dec 2018","A Heaven is transforming to Hell","https://www.glassdoor.co.in/Reviews/Employee-Review-Torrent-Pharmaceuticals-RVW23752155.htm","Scientist","Former employee, more than 3 years","Bhāt","",""
"2.0","28 May 2021","Torrent Research Center","https://www.glassdoor.co.in/Reviews/Employee-Review-Torrent-Pharmaceuticals-RVW47622376.htm","Finance","Former employee, more than 1 year","Gāndhīnagar, Gujarat","",""
"4.0","10 Jan 2016","Torrent Pharma ltd","https://www.glassdoor.co.in/Reviews/Employee-Review-Torrent-Pharmaceuticals-RVW9141049.htm","Management trainee","Former employee, less than 1 year","Mumbai","",""
"5.0","18 Sept 2017","Warehouse officer","https://www.glassdoor.co.in/Reviews/Employee-Review-Torrent-Pharmaceuticals-RVW16895489.htm","Warehouse officer","Former employee, less than 1 year","","",""
"4.0","3 May 2013","my views about Torrent","https://www.glassdoor.co.in/Reviews/Employee-Review-Torrent-Pharmaceuticals-RVW2618034.htm","Therapy manager","Former employee, more than 5 years","Kānpur, Uttar Pradesh","",""
"4.0","9 Jan 2017","overall good organization","https://www.glassdoor.co.in/Reviews/Employee-Review-Torrent-Pharmaceuticals-RVW13241141.htm","Manager","Current employee","Ahmedabad","",""
"4.0","23 Apr 2016","Intern in project management in Drug development program","https://www.glassdoor.co.in/Reviews/Employee-Review-Torrent-Pharmaceuticals-RVW10373284.htm","Intern","Former intern, less than 1 year","Mumbai","",""
"5.0","3 Jul 2012","I have good and benificiary experince with Torrent.","https://www.glassdoor.co.in/Reviews/Employee-Review-Torrent-Pharmaceuticals-RVW1684525.htm","Pharm marketing","Current employee, more than 1 year","Ahmedabad","",""
"5.0","15 Oct 2016","Torrent pariwar","https://www.glassdoor.co.in/Reviews/Employee-Review-Torrent-Pharmaceuticals-RVW12320695.htm","Anonymous employee","Former employee","","",""
"4.0","4 Dec 2018","Good company to work with","https://www.glassdoor.co.in/Reviews/Employee-Review-Torrent-Pharmaceuticals-RVW23689687.htm","Procurement executive","Current employee, more than 1 year","Gangtok","",""
"5.0","25 Sept 2012","it has been a wonderful time.i have learned and earned a lot from this company.","https://www.glassdoor.co.in/Reviews/Employee-Review-Torrent-Pharmaceuticals-RVW1991055.htm","Area manager","Current employee, more than 10 years","Bareilly","",""
"2.0","29 Aug 2012","Was a very good company to work for 6 months ago","https://www.glassdoor.co.in/Reviews/Employee-Review-Torrent-Pharmaceuticals-RVW1899020.htm","Anonymous employee","Current employee, more than 3 years","Ahmedabad","",""
"3.0","1 Jul 2014","Learnt a Lot...","https://www.glassdoor.co.in/Reviews/Employee-Review-Torrent-Pharmaceuticals-RVW4501066.htm","Anonymous employee","Former employee","","",""
"4.0","27 Jun 2015","Good Learning Environment","https://www.glassdoor.co.in/Reviews/Employee-Review-Torrent-Pharmaceuticals-RVW7043845.htm","Anonymous employee","Former employee","Ahmedabad","",""
"4.0","29 Jul 2012","System  & process oriented company","https://www.glassdoor.co.in/Reviews/Employee-Review-Torrent-Pharmaceuticals-RVW1784823.htm","Business manager","Current employee, more than 1 year","Chandigarh","",""
"4.0","24 Jun 2012","One  of  the  best People  oriented  Employee  to work","https://www.glassdoor.co.in/Reviews/Employee-Review-Torrent-Pharmaceuticals-RVW1641168.htm","Abm","Former employee, more than 5 years","Mumbai","",""
"4.0","15 Nov 2021","Good","https://www.glassdoor.co.in/Reviews/Employee-Review-Torrent-Pharmaceuticals-RVW55391558.htm","Quality control analyst fresher","Former employee, less than 1 year","Gangtok","",""
"3.0","9 Sept 2015","Manager-Clinical Research","https://www.glassdoor.co.in/Reviews/Employee-Review-Torrent-Pharmaceuticals-RVW7886733.htm","Anonymous employee","Current employee","","",""
"4.0","17 Sept 2012","learned new skill to develope managerial talent.","https://www.glassdoor.co.in/Reviews/Employee-Review-Torrent-Pharmaceuticals-RVW1964432.htm","Asm (area sales manager)","Former employee, more than 3 years","Nāgpur, Maharashtra","",""
"5.0","23 May 2021","handing of all QC inst,QMS handling OOS,OOT,Laboratory incidents, deviation,also abilities to handling of  team","https://www.glassdoor.co.in/Reviews/Employee-Review-Torrent-Pharmaceuticals-RVW47330157.htm","Executive","Current employee","Dahej","Iam looking job in QC Department on post as an assistant manager or above in QC Department","To get new opportunities for bright future"
"4.0","5 Jul 2017","Good Company for work","https://www.glassdoor.co.in/Reviews/Employee-Review-Torrent-Pharmaceuticals-RVW15766942.htm","Pharmaceutical sales representative","Current employee, more than 3 years","Surat","",""
"4.0","26 Oct 2021","Executive","https://www.glassdoor.co.in/Reviews/Employee-Review-Torrent-Pharmaceuticals-RVW54496082.htm","Anonymous employee","Current employee, more than 8 years","Ahmedabad","",""
"3.0","17 Aug 2017","Decent company to get exposure","https://www.glassdoor.co.in/Reviews/Employee-Review-Torrent-Pharmaceuticals-RVW16403152.htm","Assistant manager","Former employee","Ahmedabad","",""
"5.0","5 Nov 2021","Executive","https://www.glassdoor.co.in/Reviews/Employee-Review-Torrent-Pharmaceuticals-RVW54958948.htm","Executive production","Former employee, more than 1 year","Ahmedabad","",""
"4.0","20 Sept 2012","it was good but sometime disappointing.","https://www.glassdoor.co.in/Reviews/Employee-Review-Torrent-Pharmaceuticals-RVW1974095.htm","Therapy manager","Former employee, more than 3 years","Vāranāsi","",""
"3.0","9 Aug 2019","for freshers","https://www.glassdoor.co.in/Reviews/Employee-Review-Torrent-Pharmaceuticals-RVW28541702.htm","Anonymous employee","Former employee, more than 3 years","","",""
"5.0","9 Apr 2018","Very good company for learning","https://www.glassdoor.co.in/Reviews/Employee-Review-Torrent-Pharmaceuticals-RVW20072848.htm","Scientist-ii","Former employee, more than 1 year","Gāndhīnagar, Gujarat","",""
"3.0","26 Aug 2014","having good environment of working","https://www.glassdoor.co.in/Reviews/Employee-Review-Torrent-Pharmaceuticals-RVW4855093.htm","Medical representative","Current employee, more than 1 year","New Delhi","",""
"5.0","22 Mar 2021","Torrent Pharmaceutical - an awesome to work","https://www.glassdoor.co.in/Reviews/Employee-Review-Torrent-Pharmaceuticals-RVW44402401.htm","Hr-executive","Current employee","South District","",""
"4.0","2 Jan 2018","Good learning experience","https://www.glassdoor.co.in/Reviews/Employee-Review-Torrent-Pharmaceuticals-RVW18540104.htm","Product manager","Former employee, more than 5 years","Ahmedabad","",""
"4.0","20 Dec 2021","Maintenance Executive","https://www.glassdoor.co.in/Reviews/Employee-Review-Torrent-Pharmaceuticals-RVW56894043.htm","Executive engineer","Current employee, more than 3 years","","",""
"4.0","7 Dec 2019","Safety Supervisor","https://www.glassdoor.co.in/Reviews/Employee-Review-Torrent-Pharmaceuticals-RVW30753734.htm","Safety supervisor","Current contractor, more than 1 year","Visakhapatnam","",""
"3.0","1 Feb 2013","not good not bad so so","https://www.glassdoor.co.in/Reviews/Employee-Review-Torrent-Pharmaceuticals-RVW2331740.htm","Business executive","Former employee, more than 3 years","New Delhi","",""
"1.0","14 Dec 2016","Stressful","https://www.glassdoor.co.in/Reviews/Employee-Review-Torrent-Pharmaceuticals-RVW12999381.htm","Anonymous employee","Former employee","","",""
"4.0","2 Jun 2017","knowledge","https://www.glassdoor.co.in/Reviews/Employee-Review-Torrent-Pharmaceuticals-RVW15309129.htm","Technical assistant","Current employee","Kadi","",""
"5.0","22 Jun 2019","Shift In charge","https://www.glassdoor.co.in/Reviews/Employee-Review-Torrent-Pharmaceuticals-RVW27553516.htm","Production executive","Former employee, more than 5 years","Indrad","",""
"3.0","18 Jun 2021","Good Company to gain experience","https://www.glassdoor.co.in/Reviews/Employee-Review-Torrent-Pharmaceuticals-RVW48517617.htm","Executive","Current employee, more than 1 year","Ahmedabad","",""
"5.0","10 Apr 2014","Very good","https://www.glassdoor.co.in/Reviews/Employee-Review-Torrent-Pharmaceuticals-RVW4039359.htm","Developer","Former employee, more than 3 years","Ahmedabad","",""
"3.0","8 Jun 2016","Good","https://www.glassdoor.co.in/Reviews/Employee-Review-Torrent-Pharmaceuticals-RVW10854688.htm","Assistant manager","Current employee","Bharūch","",""
"3.0","8 Nov 2018","technical assistant","https://www.glassdoor.co.in/Reviews/Employee-Review-Torrent-Pharmaceuticals-RVW23320588.htm","Quality control","Current employee, more than 1 year","Visakhapatnam","",""
"4.0","21 Dec 2018","Conducive work environment, value driven organization","https://www.glassdoor.co.in/Reviews/Employee-Review-Torrent-Pharmaceuticals-RVW23922802.htm","Anonymous employee","Former employee, more than 8 years","Ahmedabad","",""
"4.0","21 May 2021","Best Infrastructure for a Pharma","https://www.glassdoor.co.in/Reviews/Employee-Review-Torrent-Pharmaceuticals-RVW47263226.htm","Hr-executive","Former employee, more than 3 years","Dahej","One of the best pharma companies to work for in India. Outstanding Infrastructure for a pharma plant.","Overstaffed hence less opportunity to learn and grow."
"2.0","1 Jun 2017","Product Executive","https://www.glassdoor.co.in/Reviews/Employee-Review-Torrent-Pharmaceuticals-RVW15298438.htm","Anonymous employee","Current employee","","",""
"5.0","16 Jan 2018","General Manager","https://www.glassdoor.co.in/Reviews/Employee-Review-Torrent-Pharmaceuticals-RVW18750757.htm","General manager","Former employee, more than 10 years","Ahmadabad","",""
"3.0","12 Oct 2020","No much career growth for Statistician","https://www.glassdoor.co.in/Reviews/Employee-Review-Torrent-Pharmaceuticals-RVW37036217.htm","Statistician","Current employee, more than 1 year","Ahmedabad","",""
"4.0","27 Jun 2014","OK OK company","https://www.glassdoor.co.in/Reviews/Employee-Review-Torrent-Pharmaceuticals-RVW4484827.htm","Management trainee","Current employee, less than 1 year","Ahmedabad","",""
"4.0","1 Dec 2015","Good learning experience","https://www.glassdoor.co.in/Reviews/Employee-Review-Torrent-Pharmaceuticals-RVW8797229.htm","Medical representative","Former employee, more than 1 year","Mumbai","",""
"4.0","5 Jan 2013","it is very good company & plant","https://www.glassdoor.co.in/Reviews/Employee-Review-Torrent-Pharmaceuticals-RVW2253885.htm","Engineering maintenance","Current employee, more than 3 years","Mehsana","",""
"4.0","27 Jul 2014","Moral, ethics and quality","https://www.glassdoor.co.in/Reviews/Employee-Review-Torrent-Pharmaceuticals-RVW4660127.htm","Scientist ii","Current employee, more than 3 years","Ahmedabad","This is the best place if you think your pharma job is a noble task.","You may be transferred to any Indian location."
"3.0","6 Jul 2017","Good company but growth is very slow","https://www.glassdoor.co.in/Reviews/Employee-Review-Torrent-Pharmaceuticals-RVW15775735.htm","Medical sales representative","Former employee, more than 1 year","Bilāspur, Chhattisgarh","",""
"3.0","18 Jul 2017","It's been ok to ....","https://www.glassdoor.co.in/Reviews/Employee-Review-Torrent-Pharmaceuticals-RVW15963912.htm","Scientist","Former employee, more than 1 year","Dahej","Nice work cultuure ,  nice salary structuur n food is quite good","Tire some route of traveling. Very oakward place at dahej"
"4.0","14 Dec 2018","Electrical Technician","https://www.glassdoor.co.in/Reviews/Employee-Review-Torrent-Pharmaceuticals-RVW23833282.htm","Electrical technician","Current employee, more than 3 years","East District","",""
"3.0","1 Mar 2019","Good learning opportunities but no work life balance","https://www.glassdoor.co.in/Reviews/Employee-Review-Torrent-Pharmaceuticals-RVW24944978.htm","Anonymous employee","Former employee","","",""
"5.0","26 Jun 2018","A very good organisation for perfect family work balance.","https://www.glassdoor.co.in/Reviews/Employee-Review-Torrent-Pharmaceuticals-RVW21225803.htm","Anonymous employee","Former employee","","Bus facility, meals,insurgence , job sequerity","HR is driving the company."
"4.0","8 Feb 2019","Good company work culture is becoming more bad now","https://www.glassdoor.co.in/Reviews/Employee-Review-Torrent-Pharmaceuticals-RVW24599852.htm","Scientist","Current employee, more than 3 years","","Creche facility for woman in research centre, uniform","No halfday No flexible work hours No overtime incentive"
"5.0","25 Sept 2021","Excellent experience","https://www.glassdoor.co.in/Reviews/Employee-Review-Torrent-Pharmaceuticals-RVW53073850.htm","Executive - quality control","Current employee, more than 10 years","Mehsana","",""
"4.0","13 Feb 2013","Employee friendly organisation,transparency and good market image.","https://www.glassdoor.co.in/Reviews/Employee-Review-Torrent-Pharmaceuticals-RVW2368454.htm","Medical representative","Current employee, more than 1 year","Noida","",""
"4.0","21 Apr 2013","enhance my skill","https://www.glassdoor.co.in/Reviews/Employee-Review-Torrent-Pharmaceuticals-RVW2580314.htm","Scientist ii","Current employee, more than 3 years","Ahmedabad","",""
"5.0","21 Jul 2017","Technical Assistance","https://www.glassdoor.co.in/Reviews/Employee-Review-Torrent-Pharmaceuticals-RVW16011079.htm","Technical assistant","Current employee, more than 5 years","Indrad","",""
"4.0","8 Feb 2019","Business development","https://www.glassdoor.co.in/Reviews/Employee-Review-Torrent-Pharmaceuticals-RVW24608543.htm","Medical representative psr","Current employee, more than 3 years","Mumbai","",""
"4.0","5 Oct 2020","Engineering","https://www.glassdoor.co.in/Reviews/Employee-Review-Torrent-Pharmaceuticals-RVW36734918.htm","Executive","Former employee, more than 1 year","Ahmedabad","",""
"4.0","20 Nov 2020","Having experience of GCMS and GCMS-MS
in Pharmaceutical company,method development,validation and routine analysis byGC","https://www.glassdoor.co.in/Reviews/Employee-Review-Torrent-Pharmaceuticals-RVW38557851.htm","Scientist ii","Current employee, less than 1 year","Gāndhīnagar, Gujarat","Supportive and friendly work atmosphere,good learning things.","Admin department needs to improve."
"3.0","18 Jan 2021","Nice place to work","https://www.glassdoor.co.in/Reviews/Employee-Review-Torrent-Pharmaceuticals-RVW40973900.htm","Project management","Current employee","","",""
"2.0","11 May 2021","Poor work culture","https://www.glassdoor.co.in/Reviews/Employee-Review-Torrent-Pharmaceuticals-RVW46763977.htm","Assistant manager","Former employee, more than 1 year","Ahmedabad","",""
"4.0","11 Jul 2021","Good working culture and healthy environment.","https://www.glassdoor.co.in/Reviews/Employee-Review-Torrent-Pharmaceuticals-RVW49597660.htm","Executive","Current employee","Ahmedabad","",""
"3.0","18 Sept 2021","Working at Torrent Research Centre","https://www.glassdoor.co.in/Reviews/Employee-Review-Torrent-Pharmaceuticals-RVW52732393.htm","Assistant manager","Current employee, more than 1 year","Ahmedabad","",""
"5.0","2 Dec 2021","Best organisation","https://www.glassdoor.co.in/Reviews/Employee-Review-Torrent-Pharmaceuticals-RVW56127354.htm","Assistant manager","Current employee, more than 5 years","","",""
"3.0","27 Feb 2013","Great Company to start carrier.","https://www.glassdoor.co.in/Reviews/Employee-Review-Torrent-Pharmaceuticals-RVW2408931.htm","Medical representative","Former employee, more than 1 year","New Delhi","",""
"5.0","24 Aug 2016","Good company to work for","https://www.glassdoor.co.in/Reviews/Employee-Review-Torrent-Pharmaceuticals-RVW11671732.htm","Anonymous employee","Former employee","","",""
"5.0","12 Jul 2018","Manager","https://www.glassdoor.co.in/Reviews/Employee-Review-Torrent-Pharmaceuticals-RVW21460521.htm","Manager","Current employee, more than 1 year","Ahmedabad","",""
"5.0","12 Aug 2018","Best HR policies.","https://www.glassdoor.co.in/Reviews/Employee-Review-Torrent-Pharmaceuticals-RVW21926034.htm","Scientist ii","Former employee, more than 3 years","Ahmedabad","",""
"4.0","20 Jun 2021","Better work culture.","https://www.glassdoor.co.in/Reviews/Employee-Review-Torrent-Pharmaceuticals-RVW48591958.htm","Sales officer","Current employee","Chennai","Good work culture, superiors are easily available on your doubts. Better experience you will get.","The only cons are less package."
"5.0","10 Jun 2012","torrentian","https://www.glassdoor.co.in/Reviews/Employee-Review-Torrent-Pharmaceuticals-RVW1583332.htm","Sales representative","Current employee, less than 1 year","Meerut","",""
"5.0","28 Jul 2012","i m satisfied with this job","https://www.glassdoor.co.in/Reviews/Employee-Review-Torrent-Pharmaceuticals-RVW1782576.htm","Medical representative","Current employee, more than 1 year","Agartala","",""
"3.0","23 Jun 2017","Good Culture and Friendly Environment","https://www.glassdoor.co.in/Reviews/Employee-Review-Torrent-Pharmaceuticals-RVW15608811.htm","Formulation scientist","Former employee, more than 1 year","Ahmedabad","Best for beginners, Friendly environment , Great care for personals","Slow management,  complicated system , Difficult to Coardinate"
"3.0","15 May 2018","Assistant Manager","https://www.glassdoor.co.in/Reviews/Employee-Review-Torrent-Pharmaceuticals-RVW20586762.htm","Assistant manager","Former employee, more than 1 year","Ahmedabad","",""
"2.0","28 Aug 2018","Great HR policies","https://www.glassdoor.co.in/Reviews/Employee-Review-Torrent-Pharmaceuticals-RVW22192027.htm","Assistant manager","Former employee, less than 1 year","Ahmedabad","",""
"5.0","26 Mar 2020","Best company","https://www.glassdoor.co.in/Reviews/Employee-Review-Torrent-Pharmaceuticals-RVW32499013.htm","Qa executive","Former employee, more than 1 year","Indrad","Best for work and growth.","Love the place. The way they maintained is so good. Highly professional and highly recommended."
"5.0","6 Oct 2020","Employee friendly company with very slow and detailed work process","https://www.glassdoor.co.in/Reviews/Employee-Review-Torrent-Pharmaceuticals-RVW36770753.htm","Scientist ii","Former employee, more than 3 years","Gāndhīnagar, Gujarat","Good work culture and employee benefits","Very slow and detailed work process"
"4.0","30 Nov 2020","Great company to work in with employee friendly policies","https://www.glassdoor.co.in/Reviews/Employee-Review-Torrent-Pharmaceuticals-RVW38865645.htm","Software developer","Current employee, more than 10 years","Ahmedabad","",""
"3.0","8 Jun 2016","good company to work with","https://www.glassdoor.co.in/Reviews/Employee-Review-Torrent-Pharmaceuticals-RVW10854550.htm","Assistant manager","Current employee","Ahmedabad","",""
"4.0","30 Jul 2021","Transparency","https://www.glassdoor.co.in/Reviews/Employee-Review-Torrent-Pharmaceuticals-RVW50506885.htm","Manager, quality assurance","Current employee","Gangtok","Integrity , Passion of excellence , Participating Decision making , Transparency , Fairness with care","Excellent company with great HR policies"
"3.0","12 Jan 2013","Good","https://www.glassdoor.co.in/Reviews/Employee-Review-Torrent-Pharmaceuticals-RVW2274712.htm","Senior sales excituve","Current employee, more than 1 year","New Delhi","",""
"3.0","25 Jan 2015","good environment and good work culture","https://www.glassdoor.co.in/Reviews/Employee-Review-Torrent-Pharmaceuticals-RVW5772789.htm","Anonymous employee","Former employee","","",""
"4.0","13 Jun 2015","Good","https://www.glassdoor.co.in/Reviews/Employee-Review-Torrent-Pharmaceuticals-RVW6895013.htm","Purchase executive","Current employee, more than 1 year","","",""
"4.0","15 Nov 2015","I was working for three years","https://www.glassdoor.co.in/Reviews/Employee-Review-Torrent-Pharmaceuticals-RVW8646740.htm","Anonymous employee","Former employee","","very nice company to work good package and annual increment","nothing negative only marati dominated"
"4.0","27 Jun 2016","Assistant Manager","https://www.glassdoor.co.in/Reviews/Employee-Review-Torrent-Pharmaceuticals-RVW11056884.htm","Assistant manager","Former employee, more than 10 years","Ahmedabad","",""
"4.0","17 Jul 2018","Great Work Culture","https://www.glassdoor.co.in/Reviews/Employee-Review-Torrent-Pharmaceuticals-RVW21525486.htm","Anonymous employee","Former employee, less than 1 year","Chhatrāl","",""
"4.0","18 Aug 2019","Project Manager","https://www.glassdoor.co.in/Reviews/Employee-Review-Torrent-Pharmaceuticals-RVW28700710.htm","Anonymous employee","Current employee, more than 5 years","","Good exposure to all markets and dosage forms","Majority  of the operation is in Oral solid dosage form"
"5.0","29 Nov 2019","Research and Development in Pharmaceutical Field","https://www.glassdoor.co.in/Reviews/Employee-Review-Torrent-Pharmaceuticals-RVW30623756.htm","In corporate quality assurance","Current employee, more than 8 years","Ahmedabad","Great working culture in the organziation","Not many really. It is a systemized organization"
"3.0","25 Apr 2019","Good to work","https://www.glassdoor.co.in/Reviews/Employee-Review-Torrent-Pharmaceuticals-RVW25837031.htm","Product development","Former employee, more than 5 years","Ahmedabad","Good learning opportunities, exposure,good office","Not very good culture, no work life balance, politics at work,lack of leadership"
"4.0","11 Nov 2020","Decent Company with good work culture","https://www.glassdoor.co.in/Reviews/Employee-Review-Torrent-Pharmaceuticals-RVW38225256.htm","Anonymous employee","Former employee","","Good compensation, Great policies for women employees, Good staff","Some processes are very stringent"
"3.0","24 May 2021","Good company but with slight adjustment","https://www.glassdoor.co.in/Reviews/Employee-Review-Torrent-Pharmaceuticals-RVW47360342.htm","Scientist ii","Former employee, more than 3 years","Ahmedabad","",""
"5.0","28 Dec 2019","Scientist II","https://www.glassdoor.co.in/Reviews/Employee-Review-Torrent-Pharmaceuticals-RVW31038221.htm","Scientist packaging","Former employee, more than 3 years","Gāndhīnagar, Gujarat","Will be ablento manage good family life","Personal growth is very slow due to hierarchy system."
"5.0","17 Sept 2020","Great place to work","https://www.glassdoor.co.in/Reviews/Employee-Review-Torrent-Pharmaceuticals-RVW36056930.htm","Executive","Current employee, more than 1 year","Gāndhīnagar, Gujarat","Best place to work,nice environment,supporting teammates","No cons no cons no cons no cons"
"5.0","17 Dec 2020","Great organization for long tenure employees","https://www.glassdoor.co.in/Reviews/Employee-Review-Torrent-Pharmaceuticals-RVW39578964.htm","Senior finance manager","Current employee","Ahmedabad","",""
"4.0","26 Feb 2021","Good Corporate Culture","https://www.glassdoor.co.in/Reviews/Employee-Review-Torrent-Pharmaceuticals-RVW43177554.htm","Assistant manager","Current employee, more than 1 year","Bharūch","Good corporate culture with very supportive working environment","Don't pay good salary as per your profile."
"3.0","11 Mar 2021","Good","https://www.glassdoor.co.in/Reviews/Employee-Review-Torrent-Pharmaceuticals-RVW43843975.htm","Anonymous employee","Current employee, more than 3 years","Dahej","Good, excellent,work life balance, Extra curriculum activities, Employee friendly","Overall no cons, living cost high comparison to pay off."
"3.0","25 May 2021","A great start for fresher","https://www.glassdoor.co.in/Reviews/Employee-Review-Torrent-Pharmaceuticals-RVW47431693.htm","Qc analyst","Current employee","Baddi","",""
"4.0","3 Jan 2022","A company with good culture!","https://www.glassdoor.co.in/Reviews/Employee-Review-Torrent-Pharmaceuticals-RVW57369164.htm","Manager supply chain","Current employee","Dahej","Good learning opportunity to understand robust systems","minimum grades among bottom to top hirarchy"
"5.0","1 Jan 2022","Best job ever","https://www.glassdoor.co.in/Reviews/Employee-Review-Torrent-Pharmaceuticals-RVW57292363.htm","Trainee scientist","Former employee, less than 1 year","","",""
"3.0","27 Nov 2017","Attendant","https://www.glassdoor.co.in/Reviews/Employee-Review-Torrent-Pharmaceuticals-RVW18076422.htm","Attendant","Current employee, more than 5 years","Baddi","",""
"4.0","19 Jul 2019","Good comapny","https://www.glassdoor.co.in/Reviews/Employee-Review-Torrent-Pharmaceuticals-RVW28131558.htm","Anonymous employee","Current employee","Ahmedabad","Employee frendly company with lot of benifits","Slow culture and need to adopt with new changes"
"3.0","5 Nov 2019","Good but slow","https://www.glassdoor.co.in/Reviews/Employee-Review-Torrent-Pharmaceuticals-RVW30219753.htm","Anonymous employee","Current employee","","",""
"5.0","2 Aug 2020","Good to start career with it","https://www.glassdoor.co.in/Reviews/Employee-Review-Torrent-Pharmaceuticals-RVW34565438.htm","Executive trainee","Current employee","","Good work ethical culture and disciplined","Yet to experience with that"
"3.0","11 Sept 2020","Good organization","https://www.glassdoor.co.in/Reviews/Employee-Review-Torrent-Pharmaceuticals-RVW35870342.htm","General manager","Former employee, more than 5 years","","",""
"5.0","25 Aug 2020","Good company","https://www.glassdoor.co.in/Reviews/Employee-Review-Torrent-Pharmaceuticals-RVW35270138.htm","Executive assistant","Former employee, more than 3 years","Āgra, Uttar Pradesh","",""
"5.0","9 Dec 2020","Regarding work culture and exposer","https://www.glassdoor.co.in/Reviews/Employee-Review-Torrent-Pharmaceuticals-RVW39266869.htm","Executive","Former employee, more than 3 years","Ahmedabad","Good work life balance among other pharma","Less scope for higher designation"
"5.0","23 Dec 2020","Best company to work for","https://www.glassdoor.co.in/Reviews/Employee-Review-Torrent-Pharmaceuticals-RVW39753507.htm","Manager-hr","Current employee","Calcutta","",""
"3.0","20 Jan 2021","Assistant manager","https://www.glassdoor.co.in/Reviews/Employee-Review-Torrent-Pharmaceuticals-RVW41065975.htm","Assistant manager","Current employee","Ahmedabad","good company, culture, dress code, timing, safety","poor increment, no work related to the brand, limited growth"
"5.0","28 Jan 2021","management","https://www.glassdoor.co.in/Reviews/Employee-Review-Torrent-Pharmaceuticals-RVW41599854.htm","Qa officer","Current employee","Bharūch","",""
"3.0","21 May 2021","Average","https://www.glassdoor.co.in/Reviews/Employee-Review-Torrent-Pharmaceuticals-RVW47297709.htm","Scientist ii","Current employee, more than 3 years","Gāndhīnagar, Gujarat","",""
"4.0","7 Dec 2021","Good place to work","https://www.glassdoor.co.in/Reviews/Employee-Review-Torrent-Pharmaceuticals-RVW56341365.htm","Assistant manager","Current employee, more than 1 year","Ahmedabad","Good work life balance. Job security","professional and personal growth hampered due to politics"
"4.0","10 Jul 2017","Excellent","https://www.glassdoor.co.in/Reviews/Employee-Review-Torrent-Pharmaceuticals-RVW15828501.htm","Project engineer","Current employee, more than 1 year","Ahmedabad","",""
"5.0","12 Jun 2018","MR","https://www.glassdoor.co.in/Reviews/Employee-Review-Torrent-Pharmaceuticals-RVW21016583.htm","Anonymous employee","Former employee, more than 3 years","Surat","because of sir i wan to work in mnc company","nothing to any downside reason"
"4.0","5 Apr 2019","Good company","https://www.glassdoor.co.in/Reviews/Employee-Review-Torrent-Pharmaceuticals-RVW25532981.htm","Anonymous employee","Current employee","","",""
"5.0","10 Feb 2019","Quality Assurance","https://www.glassdoor.co.in/Reviews/Employee-Review-Torrent-Pharmaceuticals-RVW24627348.htm","Quality assurance","Current employee, more than 10 years","Dahej","",""
"5.0","17 Nov 2019","Good experience in torrent","https://www.glassdoor.co.in/Reviews/Employee-Review-Torrent-Pharmaceuticals-RVW30417869.htm","Qc executive","Former employee, more than 1 year","Ahmedabad","Superb Team unity in torrent pharma","Good  experience In torrent pharma"
"4.0","21 Jun 2021","Good","https://www.glassdoor.co.in/Reviews/Employee-Review-Torrent-Pharmaceuticals-RVW48637727.htm","Medical representative","Current employee","Aurangābād, Maharashtra","",""
"3.0","17 Nov 2014","Work culture is good","https://www.glassdoor.co.in/Reviews/Employee-Review-Torrent-Pharmaceuticals-RVW5392424.htm","Senior accountant","Current employee, more than 1 year","Ahmedabad","",""
"3.0","17 Aug 2015","Friendly ... increment is not that good","https://www.glassdoor.co.in/Reviews/Employee-Review-Torrent-Pharmaceuticals-RVW7610791.htm","Executive","Former employee, less than 1 year","Ahmedabad","work in friendly a environment.","increments are not that good"
"4.0","29 Jan 2018","Good company for fresher","https://www.glassdoor.co.in/Reviews/Employee-Review-Torrent-Pharmaceuticals-RVW18962605.htm","Anonymous employee","Current employee, less than 1 year","","Good balance life, Good working enviornment","salary is less compared to others"
"5.0","27 Jul 2018","Employee friendly","https://www.glassdoor.co.in/Reviews/Employee-Review-Torrent-Pharmaceuticals-RVW21677724.htm","Assistant manager","Current employee, more than 1 year","Gāndhīnagar, Gujarat","",""
"5.0","28 Nov 2018","Nice workplace","https://www.glassdoor.co.in/Reviews/Employee-Review-Torrent-Pharmaceuticals-RVW23598812.htm","Administrative assistant","Current employee, more than 3 years","","Good stuff & work culture","Good for all fresher. Learn lots of things"
"4.0","7 Jun 2019","Great place to work","https://www.glassdoor.co.in/Reviews/Employee-Review-Torrent-Pharmaceuticals-RVW26533480.htm","Manager","Current employee, more than 8 years","Ahmedabad","Great learning experience very good for female","Nothing as such.. All well"
"4.0","21 Aug 2019","Good company","https://www.glassdoor.co.in/Reviews/Employee-Review-Torrent-Pharmaceuticals-RVW28752305.htm","Medical sales representative","Former employee, less than 1 year","Pune","",""
"4.0","20 Sept 2019","Software engineer","https://www.glassdoor.co.in/Reviews/Employee-Review-Torrent-Pharmaceuticals-RVW29361563.htm","Anonymous employee","Former employee, more than 3 years","Ahmedabad","Company is good with work life balanced.","But not pays upto the market standards."
"3.0","7 Oct 2019","Executive","https://www.glassdoor.co.in/Reviews/Employee-Review-Torrent-Pharmaceuticals-RVW29654007.htm","Executive in instrumentation","Current employee, more than 3 years","Indrad","",""
"4.0","29 Sept 2019","A good place to work","https://www.glassdoor.co.in/Reviews/Employee-Review-Torrent-Pharmaceuticals-RVW29512583.htm","Anonymous employee","Former employee, less than 1 year","Ahmedabad","Amazing facilities and good people.","Work is a little slow sometimes."
"5.0","8 Oct 2020","Good comapny","https://www.glassdoor.co.in/Reviews/Employee-Review-Torrent-Pharmaceuticals-RVW36916194.htm","Formulation scientist","Former intern, less than 1 year","Ahmedabad","professional, best work-life balance, hard-working team","Sometimes too much work, dependent on seniors"
"2.0","26 Jun 2021","Partiality in employees by management","https://www.glassdoor.co.in/Reviews/Employee-Review-Torrent-Pharmaceuticals-RVW48937335.htm","Quality assurance","Current employee, more than 8 years","Gāndhīnagar, Gujarat","Good quality culture...Near to my home town ...","Policy are not good......poor management....."
"3.0","12 Jun 2012","Good Place to work.","https://www.glassdoor.co.in/Reviews/Employee-Review-Torrent-Pharmaceuticals-RVW1590206.htm","Human resources","Current employee","Ahmedabad","Association with Brand, Good working culture","Career progression seems to be slow"
"4.0","22 Oct 2012","its good working with torrent","https://www.glassdoor.co.in/Reviews/Employee-Review-Torrent-Pharmaceuticals-RVW2072316.htm","Sales","Current employee, more than 3 years","New Delhi","good envirment to work here","not financial appriciation growth here"
"5.0","12 Oct 2016","Very Good Work Culture","https://www.glassdoor.co.in/Reviews/Employee-Review-Torrent-Pharmaceuticals-RVW12276976.htm","Executive","Former employee, more than 1 year","","Work Culture is very good.","pay scale is very less."
"5.0","27 Aug 2019","Wonderful","https://www.glassdoor.co.in/Reviews/Employee-Review-Torrent-Pharmaceuticals-RVW28865321.htm","Anonymous employee","Current employee","","Good environment better opportunity hike in post","I dont know about very well"
"3.0","7 Feb 2020","Executive Maintenance Engineer","https://www.glassdoor.co.in/Reviews/Employee-Review-Torrent-Pharmaceuticals-RVW31749556.htm","Executive engineer","Current employee, more than 1 year","Bharūch","",""
"2.0","16 Sept 2020","good work culture","https://www.glassdoor.co.in/Reviews/Employee-Review-Torrent-Pharmaceuticals-RVW36054942.htm","Executive","Former employee","","good work culture, work life balance maintained","Management not good at all, Less salary"
"3.0","27 Mar 2021","sales manager","https://www.glassdoor.co.in/Reviews/Employee-Review-Torrent-Pharmaceuticals-RVW44658002.htm","Associate consultant","Former employee","Indore","great company with leadrship brands","salary need to much better than the industry peers"
"5.0","11 Jun 2021","Good company","https://www.glassdoor.co.in/Reviews/Employee-Review-Torrent-Pharmaceuticals-RVW48229107.htm","Graduate apprentice trainee (gat)","Former employee, more than 1 year","Dahej","Good company, clean and organized","Does not confirm after the GAT period"
"4.0","14 Jul 2021","Good job for local one's","https://www.glassdoor.co.in/Reviews/Employee-Review-Torrent-Pharmaceuticals-RVW49746933.htm","Anonymous employee","Current employee, less than 1 year","Dahej","Stability , no work pressure","Traveling time and shifts time"
"5.0","11 Sept 2021","Positive","https://www.glassdoor.co.in/Reviews/Employee-Review-Torrent-Pharmaceuticals-RVW52399706.htm","Supply chain planner","Current employee","Ahmedabad","",""
"4.0","12 Oct 2021","Good work environment","https://www.glassdoor.co.in/Reviews/Employee-Review-Torrent-Pharmaceuticals-RVW53855317.htm","Research scientist","Current employee","Ahmedabad","Supportive staff and work flexibility","No bonuses are given . Less increment."
"5.0","29 Dec 2021","Administration officer","https://www.glassdoor.co.in/Reviews/Employee-Review-Torrent-Pharmaceuticals-RVW57191652.htm","Administration officer","Current employee, more than 3 years","Ahmedabad","Good working environment and job security","Strict Timings to be in office."
"2.0","28 Nov 2017","Not good","https://www.glassdoor.co.in/Reviews/Employee-Review-Torrent-Pharmaceuticals-RVW18098027.htm","Graduate engineering trainee get","Former employee, more than 1 year","Ahmedabad","",""
"2.0","20 Nov 2019","Manager","https://www.glassdoor.co.in/Reviews/Employee-Review-Torrent-Pharmaceuticals-RVW30495527.htm","Anonymous employee","Former employee","","Good plants and other assets, elaborate system","False committments by HR, tough working environment, politics"
"4.0","12 Jan 2021","Overall job experience","https://www.glassdoor.co.in/Reviews/Employee-Review-Torrent-Pharmaceuticals-RVW40539887.htm","Executive","Former employee, more than 3 years","Ahmedabad","",""
"3.0","6 Mar 2021","Great learning","https://www.glassdoor.co.in/Reviews/Employee-Review-Torrent-Pharmaceuticals-RVW43568453.htm","Regulatory affairs specialist","Current employee","Ahmedabad","Nice exposure, work friendly, good cupture","Low salary, low promotion, lack of training"
"5.0","10 Mar 2021","good","https://www.glassdoor.co.in/Reviews/Employee-Review-Torrent-Pharmaceuticals-RVW43811407.htm","Graduate engineer trainee","Former employee, less than 1 year","Dahej","It has a good and supportive culture","No cons as such found"
"5.0","20 Aug 2021","Survey","https://www.glassdoor.co.in/Reviews/Employee-Review-Torrent-Pharmaceuticals-RVW51413283.htm","General manager","Current employee","Ahmedabad","Well positioned in pharma industry","slow diversification in biologicals and complex generics"
"3.0","25 Dec 2021","Very good Company","https://www.glassdoor.co.in/Reviews/Employee-Review-Torrent-Pharmaceuticals-RVW57081255.htm","Manufacturing production executive","Current employee","Ahmedabad","Best working culture and stability.","Salary is comparatively low and nothing else."
"5.0","30 Dec 2017","Excellent","https://www.glassdoor.co.in/Reviews/Employee-Review-Torrent-Pharmaceuticals-RVW18524521.htm","Anonymous employee","Current employee","","Employee oriented ......good company to work","Salary .....need to improve structures"
"2.0","24 Jul 2018","Marketing","https://www.glassdoor.co.in/Reviews/Employee-Review-Torrent-Pharmaceuticals-RVW21634036.htm","Anonymous employee","Former employee","","",""
"4.0","22 Oct 2018","Good company","https://www.glassdoor.co.in/Reviews/Employee-Review-Torrent-Pharmaceuticals-RVW23060577.htm","Intern - monthly","Former intern, less than 1 year","Ahmedabad","Good and healthy work environment","Interns do not get bus facility"
"3.0","22 Aug 2019","Good","https://www.glassdoor.co.in/Reviews/Employee-Review-Torrent-Pharmaceuticals-RVW28796639.htm","Anonymous employee","Current employee","","It pleasure to work with torrent","Politics are measure concern to work here"
"4.0","14 Oct 2019","Great environment","https://www.glassdoor.co.in/Reviews/Employee-Review-Torrent-Pharmaceuticals-RVW29799915.htm","Medical sales representative","Current employee, more than 5 years","Udaipur, Rajasthan","Equal value of each individual","Kindly enhance opportunity for older people."
"5.0","16 Sept 2020","No","https://www.glassdoor.co.in/Reviews/Employee-Review-Torrent-Pharmaceuticals-RVW36042483.htm","Purchasing specialist","Former employee, more than 1 year","Ahmedabad","",""
"5.0","5 Oct 2020","NA","https://www.glassdoor.co.in/Reviews/Employee-Review-Torrent-Pharmaceuticals-RVW36758875.htm","Qms manager","Current employee, more than 5 years","Kalol","",""
"4.0","26 Oct 2020","Executive","https://www.glassdoor.co.in/Reviews/Employee-Review-Torrent-Pharmaceuticals-RVW37610101.htm","Executive","Current employee, more than 1 year","Ahmedabad","Good company culture and absolutely life balance.","Should not have Dress code."
"1.0","17 Jan 2021","Pathetic company to work","https://www.glassdoor.co.in/Reviews/Employee-Review-Torrent-Pharmaceuticals-RVW40867138.htm","Executive","Current employee","Ahmedabad","",""
"3.0","5 May 2021","NA","https://www.glassdoor.co.in/Reviews/Employee-Review-Torrent-Pharmaceuticals-RVW46543446.htm","Regulatory affairs","Current employee","Gāndhīnagar, Gujarat","Good for freshers to learn new things","Nothing to say cons for Freshers"
"3.0","29 Dec 2021","Good learning for trainee","https://www.glassdoor.co.in/Reviews/Employee-Review-Torrent-Pharmaceuticals-RVW57222492.htm","Good work culture","Current employee, more than 1 year","Gāndhīnagar, Gujarat","Food and culture was good.","Very less salary for trainee"
"3.0","19 Nov 2015","Assistant Manager","https://www.glassdoor.co.in/Reviews/Employee-Review-Torrent-Pharmaceuticals-RVW8690243.htm","Assistant manager","Former employee, more than 3 years","Mumbai","Small teams, easy to coordinate","Very traditional and risk averse management"
"4.0","24 Jul 2016","Good","https://www.glassdoor.co.in/Reviews/Employee-Review-Torrent-Pharmaceuticals-RVW11336860.htm","Anonymous employee","Former employee","","",""
"4.0","19 May 2018","Medical representative","https://www.glassdoor.co.in/Reviews/Employee-Review-Torrent-Pharmaceuticals-RVW20663264.htm","Anonymous employee","Former employee, more than 3 years","Ahmedabad","Good company. Good work culture","Getting dealy approval from manager"
"3.0","7 Dec 2020","None","https://www.glassdoor.co.in/Reviews/Employee-Review-Torrent-Pharmaceuticals-RVW39203870.htm","Executive","Former employee, less than 1 year","","",""
"4.0","25 Jan 2021","Learning","https://www.glassdoor.co.in/Reviews/Employee-Review-Torrent-Pharmaceuticals-RVW41361823.htm","Scientist ii","Current employee","Ahmedabad","For learning this is best company","Salery growth is slow in"
"5.0","12 Feb 2021","Devey","https://www.glassdoor.co.in/Reviews/Employee-Review-Torrent-Pharmaceuticals-RVW42429775.htm","Research scientist","Former employee, more than 3 years","Ahmedabad","Good, environment, food, buses, dress","Time, no, no, no, no"
"5.0","12 Jul 2021","Best","https://www.glassdoor.co.in/Reviews/Employee-Review-Torrent-Pharmaceuticals-RVW49676657.htm","Anonymous employee","Former employee","","Best, best,best, best,best, best, best","No cons, no, no, no"
"5.0","5 Sept 2021","good","https://www.glassdoor.co.in/Reviews/Employee-Review-Torrent-Pharmaceuticals-RVW52129951.htm","Internship","Current intern, less than 1 year","","over all good for internship","timing was not good enough"
"3.0","21 Oct 2021","stockist","https://www.glassdoor.co.in/Reviews/Employee-Review-Torrent-Pharmaceuticals-RVW54282848.htm","Stockist","Former temporary employee, less than 1 year","Gurgaon, Haryana","good company all businees is good","companys culture is little bit strict"
"2.0","25 May 2015","Salary vs work","https://www.glassdoor.co.in/Reviews/Employee-Review-Torrent-Pharmaceuticals-RVW6693957.htm","Anonymous employee","Current employee","","Owner thinking for revolutionary change","salary difference at every level"
"4.0","19 Jan 2021","Excellent","https://www.glassdoor.co.in/Reviews/Employee-Review-Torrent-Pharmaceuticals-RVW40993938.htm","Anonymous employee","Current employee","","More Perks, Policies and stability","Less Salary hike, more strict"
"3.0","21 Sept 2021","Na","https://www.glassdoor.co.in/Reviews/Employee-Review-Torrent-Pharmaceuticals-RVW52847378.htm","Assistant manager","Current employee, more than 1 year","Morādābād","Employees friendly company as of now","Not applicable as of now"
"3.0","4 Dec 2017","average","https://www.glassdoor.co.in/Reviews/Employee-Review-Torrent-Pharmaceuticals-RVW18183022.htm","Anonymous employee","Former employee","","work life balance is good","no challenging work, no benifits"
"1.0","28 Jul 2019","Worst company to work with","https://www.glassdoor.co.in/Reviews/Employee-Review-Torrent-Pharmaceuticals-RVW28286244.htm","Anonymous employee","Current employee","","",""
"2.0","27 Sept 2021","Nice","https://www.glassdoor.co.in/Reviews/Employee-Review-Torrent-Pharmaceuticals-RVW53138443.htm","Anonymous employee","Former employee, less than 1 year","","Good for learning for fresher","The working hours can be"
"1.0","30 Oct 2021","Awesome company 👌 but there is partiality","https://www.glassdoor.co.in/Reviews/Employee-Review-Torrent-Pharmaceuticals-RVW54705920.htm","Executive","Current employee, more than 1 year","Dahej","",""
"1.0","26 Oct 2021",".","https://www.glassdoor.co.in/Reviews/Employee-Review-Torrent-Pharmaceuticals-RVW54503584.htm","Pharmacist","Former employee","Bhopal","",""
"1.0","14 Feb 2020","Executive","https://www.glassdoor.co.in/Reviews/Employee-Review-Torrent-Pharmaceuticals-RVW31877728.htm","Executive","Current employee","Ahmedabad","Job security. No other pros","Everything rest that you possibly can think of comes under cons ... everything!!!!"
"1.0","22 Aug 2021","Ok","https://www.glassdoor.co.in/Reviews/Employee-Review-Torrent-Pharmaceuticals-RVW51460298.htm","Anonymous intern","Current intern","","It is a good company for freshers","Workload is there still a good experience"
"3.0","19 Aug 2024","Indian company","https://www.glassdoor.co.in/Reviews/Employee-Review-Torrent-Pharmaceuticals-RVW90218819.htm","Medrep","Former employee, more than 5 years","Manila, Manila","Big incentives, the management is flexible","Low annual incease, low salary offer, toxic management"
"1.0","12 Aug 2024","Go elsewhere","https://www.glassdoor.co.in/Reviews/Employee-Review-Torrent-Pharmaceuticals-RVW90010076.htm","Analyst","Current employee","Basking Ridge, NJ","",""
"5.0","20 Apr 2024","TPL Review","https://www.glassdoor.co.in/Reviews/Employee-Review-Torrent-Pharmaceuticals-RVW86504942.htm","Intern","Former intern","","good working environment, with great team and beautiful location","no downsides that i experienced during my short tenure as an intern."
"3.0","22 Feb 2024","Experience with Torrent","https://www.glassdoor.co.in/Reviews/Employee-Review-Torrent-Pharmaceuticals-RVW84643704.htm","Finance","Former employee, more than 5 years","Basking Ridge, NJ","Good exposure to different responsibilities, quiet office, moderate pace.","Work in office daily, salaries below market value, small staff may result in an unpleasant work load."
"1.0","29 Mar 2024","Run faster","https://www.glassdoor.co.in/Reviews/Employee-Review-Torrent-Pharmaceuticals-RVW85818991.htm","Lab technician","Former employee, less than 1 year","Elizabeth, NJ","Some nice coworkers and ...nothing else","Run faster and don't look back"
"4.0","26 Apr 2023","Very considerate company","https://www.glassdoor.co.in/Reviews/Employee-Review-Torrent-Pharmaceuticals-RVW75861282.htm","Medical representative","Former employee","","",""
"1.0","7 Jan 2024","Horrible","https://www.glassdoor.co.in/Reviews/Employee-Review-Torrent-Pharmaceuticals-RVW83122311.htm","Customer service representative (csr)","Current employee, less than 1 year","Basking Ridge, NJ","",""
"3.0","11 Sept 2023","No Advancements","https://www.glassdoor.co.in/Reviews/Employee-Review-Torrent-Pharmaceuticals-RVW79958470.htm","Manufacturing technician","Former employee, more than 1 year","Levittown, PA","",""
"5.0","7 Sept 2023","Best Place to work","https://www.glassdoor.co.in/Reviews/Employee-Review-Torrent-Pharmaceuticals-RVW79865630.htm","Project manager","Current employee, more than 1 year","São Paulo, São Paulo","very diverse and friendly work space","there is no down side of working at torrent"
"4.0","14 May 2023","Nice place to work","https://www.glassdoor.co.in/Reviews/Employee-Review-Torrent-Pharmaceuticals-RVW76423337.htm","Anonymous employee","Former employee, more than 8 years","","Nice place to work and settle.","Nothing are cons to work there."
"2.0","9 Feb 2023","Disappointed","https://www.glassdoor.co.in/Reviews/Employee-Review-Torrent-Pharmaceuticals-RVW73481890.htm","Manufacturing associate","Former employee, less than 1 year","Levittown, PA","",""
"5.0","22 Dec 2022","Working at Torrent Pharmaceuticals Ltd.","https://www.glassdoor.co.in/Reviews/Employee-Review-Torrent-Pharmaceuticals-RVW72072752.htm","Administration","Former employee","","",""
"1.0","14 Feb 2023","Stay Away","https://www.glassdoor.co.in/Reviews/Employee-Review-Torrent-Pharmaceuticals-RVW73624468.htm","Contractor","Former contractor","","There are no pros to this company","I would not work in this environment"
"3.0","8 Nov 2022","Good place for career start","https://www.glassdoor.co.in/Reviews/Employee-Review-Torrent-Pharmaceuticals-RVW70898541.htm","Procurement engineer","Former employee","","A lot of opportunities to learn","Not a lot of support for career advancement"
"1.0","7 Apr 2022","DO NOT WORK HERE","https://www.glassdoor.co.in/Reviews/Employee-Review-Torrent-Pharmaceuticals-RVW62451586.htm","Staff accountant","Former employee, more than 3 years","Basking Ridge, NJ","",""
"5.0","11 Oct 2022","Excellent","https://www.glassdoor.co.in/Reviews/Employee-Review-Torrent-Pharmaceuticals-RVW70012872.htm","Indirect procurement","Former employee","","Absolute well organized discipline culture and atmosphere. Great learning opprrunities.","Minimize travel time to plant location."
"2.0","13 Jul 2022","Disappointment","https://www.glassdoor.co.in/Reviews/Employee-Review-Torrent-Pharmaceuticals-RVW66643277.htm","Manager","Former employee, more than 1 year","","",""
"3.0","11 Jul 2022","Torrent review","https://www.glassdoor.co.in/Reviews/Employee-Review-Torrent-Pharmaceuticals-RVW66552558.htm","Quality control","Former employee","","",""
"1.0","27 May 2022","Worst Company I Should Have Never Worked For","https://www.glassdoor.co.in/Reviews/Employee-Review-Torrent-Pharmaceuticals-RVW64776916.htm","Qc chemist","Former employee, less than 1 year","Levittown, PA","",""
"1.0","18 Sept 2022","Don't go there!","https://www.glassdoor.co.in/Reviews/Employee-Review-Torrent-Pharmaceuticals-RVW69187117.htm","Contract","Former employee","","",""
"2.0","11 May 2022","Not somewhere to grow if you are not Indian","https://www.glassdoor.co.in/Reviews/Employee-Review-Torrent-Pharmaceuticals-RVW63976112.htm","Supply chain manager","Former employee, more than 1 year","Crawley, West Sussex, South East England, England","",""
"4.0","3 May 2022","wonderful company to work for long term","https://www.glassdoor.co.in/Reviews/Employee-Review-Torrent-Pharmaceuticals-RVW63614020.htm","Assistant manager","Former employee, more than 5 years","","",""
"1.0","1 Jun 2022","No work life balance","https://www.glassdoor.co.in/Reviews/Employee-Review-Torrent-Pharmaceuticals-RVW64978825.htm","Customer service representative","Former employee, less than 1 year","","",""
"1.0","14 Apr 2022","Customer service","https://www.glassdoor.co.in/Reviews/Employee-Review-Torrent-Pharmaceuticals-RVW62800259.htm","Customer service representative","Former employee","","",""
"3.0","18 Feb 2022","Sales","https://www.glassdoor.co.in/Reviews/Employee-Review-Torrent-Pharmaceuticals-RVW59919291.htm","Sales representative","Former employee, more than 3 years","","",""
"4.0","14 Feb 2022","Good company","https://www.glassdoor.co.in/Reviews/Employee-Review-Torrent-Pharmaceuticals-RVW59628776.htm","Anonymous employee","Former employee","","Good environment, good benefits, opportunities to learn","Leaders not open to new ideas and new perspectives"
"3.0","25 Jan 2022","Indian based company","https://www.glassdoor.co.in/Reviews/Employee-Review-Torrent-Pharmaceuticals-RVW58488749.htm","Supply chain manager","Current employee","London, England","Flexible working is allowed for all staff","Out of the way location which is not easy to get too."
"3.0","9 Jan 2022","good","https://www.glassdoor.co.in/Reviews/Employee-Review-Torrent-Pharmaceuticals-RVW57638519.htm","Validation engineer","Current employee","Levittown, PA","nice people to work with","management needs to be better"
"5.0","1 Nov 2017","Beware of scam using Co  name","https://www.glassdoor.co.in/Reviews/Employee-Review-Torrent-Pharmaceuticals-RVW17668398.htm","Anonymous employee","Former employee","","",""
"3.0","27 Jun 2011","I learned a lot over pharma market but there isn´t career plan in the Torrent Brazil.","https://www.glassdoor.co.in/Reviews/Employee-Review-Torrent-Pharmaceuticals-RVW997580.htm","Anonymous employee","Current employee","São Paulo, São Paulo","",""
"2.0","15 Aug 2014","Good company","https://www.glassdoor.co.in/Reviews/Employee-Review-Torrent-Pharmaceuticals-RVW4783852.htm","Anonymous employee","Former employee, more than 1 year","","",""
"3.0","5 Jun 2021","Working at Torrent Pharma","https://www.glassdoor.co.in/Reviews/Employee-Review-Torrent-Pharmaceuticals-RVW47929183.htm","Quality control","Current employee, more than 5 years","Levittown, PA","",""
"5.0","10 Jul 2012","torrent is verry good company.which gives more priority to basic employee,and more value 2 employs.and good ethical cmny","https://www.glassdoor.co.in/Reviews/Employee-Review-Torrent-Pharmaceuticals-RVW1712130.htm","Anonymous employee","Former employee","","gives good opportunities 2 freshers,and gives more priority 2 employees.hr level very good company.","zm level and rm level some draw backs are there."
"4.0","18 Jul 2012","2 years exp","https://www.glassdoor.co.in/Reviews/Employee-Review-Torrent-Pharmaceuticals-RVW1748202.htm","Anonymous employee","Current employee, more than 1 year","","",""
"1.0","22 Dec 2020","DO NOT WORK HERE!!","https://www.glassdoor.co.in/Reviews/Employee-Review-Torrent-Pharmaceuticals-RVW39728457.htm","Finance manager","Former employee, more than 5 years","Basking Ridge, NJ","",""
"4.0","17 Nov 2010","Executive- HR","https://www.glassdoor.co.in/Reviews/Employee-Review-Torrent-Pharmaceuticals-RVW717493.htm","Am- human resources","Former employee","San Jose, CA","",""
"2.0","28 Aug 2018","Medical Representativej","https://www.glassdoor.co.in/Reviews/Employee-Review-Torrent-Pharmaceuticals-RVW22202422.htm","Medical sales representative","Former employee, more than 8 years","Cubao","",""
"3.0","14 Aug 2020","Good/bad","https://www.glassdoor.co.in/Reviews/Employee-Review-Torrent-Pharmaceuticals-RVW34910787.htm","Marketing associate","Current employee","","",""
"4.0","9 May 2016","Good company to work for","https://www.glassdoor.co.in/Reviews/Employee-Review-Torrent-Pharmaceuticals-RVW10540119.htm","Anonymous employee","Former employee, more than 3 years","Milton, ON","",""
"5.0","7 Dec 2012","good","https://www.glassdoor.co.in/Reviews/Employee-Review-Torrent-Pharmaceuticals-RVW2189006.htm","Anonymous employee","Current employee","","",""
"4.0","28 Dec 2017","Good generic company, good for Pharmacy people","https://www.glassdoor.co.in/Reviews/Employee-Review-Torrent-Pharmaceuticals-RVW18501393.htm","Assistant manager","Former employee, more than 1 year","","",""
"4.0","28 Aug 2018","Assistant manager","https://www.glassdoor.co.in/Reviews/Employee-Review-Torrent-Pharmaceuticals-RVW22211097.htm","Assistant manager mechanical","Former employee, less than 1 year","Dahejiabu","",""
"4.0","5 Jul 2012","Learning","https://www.glassdoor.co.in/Reviews/Employee-Review-Torrent-Pharmaceuticals-RVW1692896.htm","Anonymous employee","Former employee","","",""
"4.0","16 Nov 2017","good  working","https://www.glassdoor.co.in/Reviews/Employee-Review-Torrent-Pharmaceuticals-RVW17930818.htm","Quality control microbiologist","Current employee","","",""
"3.0","15 Jun 2012","mixe...have good collegues but immature managers","https://www.glassdoor.co.in/Reviews/Employee-Review-Torrent-Pharmaceuticals-RVW1606486.htm","Medical representative","Current employee, more than 1 year","","",""
"5.0","25 Feb 2019","excellent","https://www.glassdoor.co.in/Reviews/Employee-Review-Torrent-Pharmaceuticals-RVW24869634.htm","Business development executive","Former employee, more than 10 years","","",""
"3.0","10 Jul 2018","Packaging Job Experience","https://www.glassdoor.co.in/Reviews/Employee-Review-Torrent-Pharmaceuticals-RVW21413054.htm","Anonymous employee","Former employee","","",""
"1.0","12 Jun 2019","Poor Management and lack of decision making","https://www.glassdoor.co.in/Reviews/Employee-Review-Torrent-Pharmaceuticals-RVW27192977.htm","Anonymous employee","Former employee, more than 1 year","Basking Ridge, NJ","",""
"4.0","29 Apr 2020","Good Startup","https://www.glassdoor.co.in/Reviews/Employee-Review-Torrent-Pharmaceuticals-RVW32946816.htm","Returns and chargeback analyst","Former contractor","","Great start up place for recent graduates. friendly environment to work in","Nothing that I can think off"
"4.0","30 Aug 2021","Nice company","https://www.glassdoor.co.in/Reviews/Employee-Review-Torrent-Pharmaceuticals-RVW51860480.htm","Supply chain planner","Current employee, less than 1 year","Basking Ridge, NJ","Nice benefits, good vibes office, nice colleague","I dont have cons at the moment"
"5.0","23 Jun 2020","Nice place to work","https://www.glassdoor.co.in/Reviews/Employee-Review-Torrent-Pharmaceuticals-RVW33850578.htm","Regulatory affairs officer","Current employee","Crawley, West Sussex, South East England, England","Good management, professional culture & team.","Communing to work can be far from London"
"5.0","4 Dec 2021","Amazing Experience","https://www.glassdoor.co.in/Reviews/Employee-Review-Torrent-Pharmaceuticals-RVW56234603.htm","Consultant","Current employee","Westborough, MA","Employees are very friendly. Management takes care of their employees.","There is no work from home."
"5.0","17 Jan 2019","Comment on the present employer","https://www.glassdoor.co.in/Reviews/Employee-Review-Torrent-Pharmaceuticals-RVW24258503.htm","Anonymous employee","Current employee, more than 10 years","Amsterdam","Having very healthy working culture","Looking for the better opportunity"
"2.0","16 Dec 2019","A decent Company","https://www.glassdoor.co.in/Reviews/Employee-Review-Torrent-Pharmaceuticals-RVW30892494.htm","Regulatory affairs associate","Former employee","","Good Place to start your career","Narrow Minded, should care more about employees"
"5.0","13 Sept 2018","Scientist","https://www.glassdoor.co.in/Reviews/Employee-Review-Torrent-Pharmaceuticals-RVW22467478.htm","Scientist","Former employee, less than 1 year","New York, NY","",""
"3.0","2 Apr 2021","Good","https://www.glassdoor.co.in/Reviews/Employee-Review-Torrent-Pharmaceuticals-RVW44960755.htm","Territory sales manager","Formerly self-employed","Marikina","They are giving salary on time","They don't give value to employees"